SKU,Date,horizon_week,forecast_units,baseline_units,Units_Sold,fold
SKU001,2025-07-14,1,107.76125571650569,75.0,118,1
SKU002,2025-07-14,1,74.91575018037517,84.0,69,1
SKU003,2025-07-14,1,40.84936038961038,28.0,37,1
SKU004,2025-07-14,1,36.10803237040738,35.0,34,1
SKU005,2025-07-14,1,109.42542081529578,109.0,106,1
SKU006,2025-07-14,1,41.510111111111115,47.0,45,1
SKU007,2025-07-14,1,182.74294014319005,180.0,161,1
SKU008,2025-07-14,1,112.12085948773442,108.0,110,1
SKU009,2025-07-14,1,74.828864996115,85.0,73,1
SKU010,2025-07-14,1,115.65633676046177,111.0,124,1
SKU011,2025-07-14,1,20.900161255411252,12.0,21,1
SKU012,2025-07-14,1,185.17629127816636,190.0,179,1
SKU013,2025-07-14,1,108.88406253468752,86.0,87,1
SKU014,2025-07-14,1,134.66465266677764,151.0,139,1
SKU015,2025-07-14,1,24.711440365190366,31.0,29,1
SKU016,2025-07-14,1,108.33180676268168,78.0,104,1
SKU017,2025-07-14,1,108.98912716450214,106.0,98,1
SKU018,2025-07-14,1,168.84210719835713,169.0,167,1
SKU019,2025-07-14,1,109.16316305916307,101.0,111,1
SKU020,2025-07-14,1,106.83901677489175,112.0,97,1
SKU021,2025-07-14,1,62.112290404040394,63.0,58,1
SKU022,2025-07-14,1,69.71239448051948,68.0,82,1
SKU023,2025-07-14,1,110.80119805194798,102.0,91,1
SKU024,2025-07-14,1,89.05429951992454,92.0,70,1
SKU025,2025-07-14,1,20.33518290043291,16.0,24,1
SKU026,2025-07-14,1,148.41545021645013,157.0,155,1
SKU027,2025-07-14,1,181.30251911976913,167.0,163,1
SKU028,2025-07-14,1,37.75642857142856,39.0,42,1
SKU029,2025-07-14,1,108.70989388389384,86.0,112,1
SKU030,2025-07-14,1,32.36762291874791,27.0,36,1
SKU031,2025-07-14,1,116.8644617327117,126.0,131,1
SKU032,2025-07-14,1,70.76491017316017,75.0,54,1
SKU033,2025-07-14,1,122.70542854367858,122.0,121,1
SKU034,2025-07-14,1,124.45358294483293,127.0,147,1
SKU035,2025-07-14,1,131.92372778610277,132.0,132,1
SKU036,2025-07-14,1,36.45295959595962,49.0,37,1
SKU037,2025-07-14,1,179.44232792207785,178.0,182,1
SKU038,2025-07-14,1,62.44294377844378,54.0,59,1
SKU039,2025-07-14,1,23.987961469086464,18.0,18,1
SKU040,2025-07-14,1,109.18288762626257,102.0,99,1
SKU041,2025-07-14,1,68.69436709124207,70.0,93,1
SKU042,2025-07-14,1,155.1242573953824,147.0,161,1
SKU043,2025-07-14,1,148.6843107864358,141.0,161,1
SKU044,2025-07-14,1,73.14772000466856,78.0,72,1
SKU045,2025-07-14,1,155.42698033910534,157.0,187,1
SKU046,2025-07-14,1,61.57795256132756,60.0,74,1
SKU047,2025-07-14,1,109.46640656565651,102.0,105,1
SKU048,2025-07-14,1,59.91253468753468,58.0,52,1
SKU049,2025-07-14,1,188.378527958153,188.0,171,1
SKU050,2025-07-14,1,53.220126262626266,50.0,53,1
SKU001,2025-07-21,2,110.02745508658009,96.0,111,1
SKU002,2025-07-21,2,64.49448755411255,59.0,76,1
SKU003,2025-07-21,2,40.894509559884554,42.0,41,1
SKU004,2025-07-21,2,30.40712742812742,32.0,29,1
SKU005,2025-07-21,2,111.3642339466089,114.0,124,1
SKU006,2025-07-21,2,40.974198593073616,48.0,43,1
SKU007,2025-07-21,2,177.42979890942388,172.0,167,1
SKU008,2025-07-21,2,121.89008567821067,134.0,105,1
SKU009,2025-07-21,2,78.97632536907537,82.0,67,1
SKU010,2025-07-21,2,115.91680699855698,119.0,105,1
SKU011,2025-07-21,2,17.93503844766345,14.0,11,1
SKU012,2025-07-21,2,183.53569272394267,198.0,155,1
SKU013,2025-07-21,2,113.20696428571426,107.0,87,1
SKU014,2025-07-21,2,138.50756028693522,154.0,148,1
SKU015,2025-07-21,2,24.836076548451555,26.0,27,1
SKU016,2025-07-21,2,110.57572793872787,92.0,97,1
SKU017,2025-07-21,2,109.41506655844151,104.0,83,1
SKU018,2025-07-21,2,160.06791143578647,158.0,159,1
SKU019,2025-07-21,2,112.14875865800865,108.0,90,1
SKU020,2025-07-21,2,98.59945031357525,97.0,96,1
SKU021,2025-07-21,2,65.2280265151515,55.0,62,1
SKU022,2025-07-21,2,71.67340419302921,70.0,64,1
SKU023,2025-07-21,2,114.13019047619048,109.0,107,1
SKU024,2025-07-21,2,93.43032864357869,92.0,73,1
SKU025,2025-07-21,2,17.942991369741375,14.0,23,1
SKU026,2025-07-21,2,140.87939502164505,137.0,173,1
SKU027,2025-07-21,2,164.08802110389604,154.0,155,1
SKU028,2025-07-21,2,42.69007665945167,46.0,36,1
SKU029,2025-07-21,2,120.46128300865799,134.0,120,1
SKU030,2025-07-21,2,34.52080004717506,32.0,29,1
SKU031,2025-07-21,2,117.70732900432897,122.0,127,1
SKU032,2025-07-21,2,60.18508351370851,53.0,52,1
SKU033,2025-07-21,2,117.6915026501276,125.0,119,1
SKU034,2025-07-21,2,129.80154001554007,132.0,152,1
SKU035,2025-07-21,2,149.63428264790758,159.0,154,1
SKU036,2025-07-21,2,35.34399801587301,31.0,26,1
SKU037,2025-07-21,2,178.3202754606505,169.0,149,1
SKU038,2025-07-21,2,62.21286868686867,60.0,50,1
SKU039,2025-07-21,2,25.152416194916196,16.0,34,1
SKU040,2025-07-21,2,110.75093362193358,109.0,97,1
SKU041,2025-07-21,2,64.35508061383061,66.0,69,1
SKU042,2025-07-21,2,158.0894545732045,158.0,157,1
SKU043,2025-07-21,2,153.04425901875905,160.0,132,1
SKU044,2025-07-21,2,77.16246237096236,78.0,69,1
SKU045,2025-07-21,2,173.2503516067265,181.0,170,1
SKU046,2025-07-21,2,72.6073118409368,69.0,78,1
SKU047,2025-07-21,2,111.68461778499274,108.0,107,1
SKU048,2025-07-21,2,59.608784493284496,58.0,67,1
SKU049,2025-07-21,2,173.64618235930723,174.0,168,1
SKU050,2025-07-21,2,51.31994108669112,29.0,43,1
SKU001,2025-07-28,3,110.10681127206124,94.0,101,1
SKU002,2025-07-28,3,60.314948412698406,51.0,75,1
SKU003,2025-07-28,3,42.911468614718615,45.0,26,1
SKU004,2025-07-28,3,29.724286158286155,32.0,33,1
SKU005,2025-07-28,3,113.88169209956706,108.0,115,1
SKU006,2025-07-28,3,38.5968982683983,45.0,49,1
SKU007,2025-07-28,3,177.13255197580193,160.0,181,1
SKU008,2025-07-28,3,114.35982106782099,100.0,112,1
SKU009,2025-07-28,3,83.27194850982352,85.0,69,1
SKU010,2025-07-28,3,110.10696753246748,110.0,91,1
SKU011,2025-07-28,3,19.486915972915973,12.0,18,1
SKU012,2025-07-28,3,183.29978787878798,163.0,160,1
SKU013,2025-07-28,3,112.2387469336219,104.0,85,1
SKU014,2025-07-28,3,129.34207828282837,132.0,141,1
SKU015,2025-07-28,3,22.908127705627706,24.0,25,1
SKU016,2025-07-28,3,107.65831493506488,90.0,85,1
SKU017,2025-07-28,3,103.8337824675324,98.0,82,1
SKU018,2025-07-28,3,171.7361930569429,172.0,179,1
SKU019,2025-07-28,3,111.57604725829725,115.0,116,1
SKU020,2025-07-28,3,98.77610010822511,102.0,69,1
SKU021,2025-07-28,3,59.97019444444445,55.0,54,1
SKU022,2025-07-28,3,64.68259848484847,59.0,70,1
SKU023,2025-07-28,3,112.40190079365078,105.0,102,1
SKU024,2025-07-28,3,86.67544011544015,88.0,104,1
SKU025,2025-07-28,3,20.91666865079365,18.0,20,1
SKU026,2025-07-28,3,139.88463924963918,144.0,156,1
SKU027,2025-07-28,3,162.39018596681092,151.0,156,1
SKU028,2025-07-28,3,37.55094715007213,30.0,35,1
SKU029,2025-07-28,3,110.25541269841266,100.0,97,1
SKU030,2025-07-28,3,27.13700382950383,38.0,33,1
SKU031,2025-07-28,3,110.95474693362192,98.0,121,1
SKU032,2025-07-28,3,65.8688748196248,46.0,80,1
SKU033,2025-07-28,3,117.15073015873023,112.0,112,1
SKU034,2025-07-28,3,117.57735606060606,117.0,124,1
SKU035,2025-07-28,3,138.42652279664776,144.0,137,1
SKU036,2025-07-28,3,31.388254870129852,25.0,33,1
SKU037,2025-07-28,3,180.46063098013087,179.0,143,1
SKU038,2025-07-28,3,56.92925198412694,52.0,45,1
SKU039,2025-07-28,3,22.59716558441559,15.0,23,1
SKU040,2025-07-28,3,111.20601388888885,109.0,108,1
SKU041,2025-07-28,3,71.88264066489064,71.0,63,1
SKU042,2025-07-28,3,149.60589430014429,143.0,167,1
SKU043,2025-07-28,3,155.407799199983,160.0,149,1
SKU044,2025-07-28,3,66.14411158531014,66.0,65,1
SKU045,2025-07-28,3,172.3071424963924,172.0,149,1
SKU046,2025-07-28,3,60.51221356421357,62.0,51,1
SKU047,2025-07-28,3,109.99082810245307,99.0,120,1
SKU048,2025-07-28,3,52.7100666000666,55.0,43,1
SKU049,2025-07-28,3,171.63207359307359,176.0,158,1
SKU050,2025-07-28,3,52.203533189033216,39.0,36,1
SKU001,2025-08-04,4,109.0677934149184,82.0,77,1
SKU002,2025-08-04,4,68.41173500111,65.0,60,1
SKU003,2025-08-04,4,39.90345580808081,35.0,38,1
SKU004,2025-08-04,4,31.97742919580418,33.0,26,1
SKU005,2025-08-04,4,108.98811634199132,95.0,96,1
SKU006,2025-08-04,4,32.70377948440448,25.0,46,1
SKU007,2025-08-04,4,159.2535131673881,141.0,145,1
SKU008,2025-08-04,4,110.65949567099564,97.0,101,1
SKU009,2025-08-04,4,79.5927746975247,66.0,66,1
SKU010,2025-08-04,4,109.71310912698408,103.0,95,1
SKU011,2025-08-04,4,21.043375901875912,16.0,22,1
SKU012,2025-08-04,4,183.28191215728722,163.0,163,1
SKU013,2025-08-04,4,108.31666661116655,85.0,82,1
SKU014,2025-08-04,4,131.3109066627817,144.0,121,1
SKU015,2025-08-04,4,22.907334595959604,22.0,23,1
SKU016,2025-08-04,4,110.02193627206123,82.0,93,1
SKU017,2025-08-04,4,101.9883138528138,100.0,76,1
SKU018,2025-08-04,4,170.2551987734488,164.0,139,1
SKU019,2025-08-04,4,107.17909987234985,89.0,104,1
SKU020,2025-08-04,4,95.49981863969366,88.0,94,1
SKU021,2025-08-04,4,65.78866756854254,52.0,60,1
SKU022,2025-08-04,4,61.67335171772672,64.0,64,1
SKU023,2025-08-04,4,110.1560714285714,105.0,107,1
SKU024,2025-08-04,4,83.47865313852817,83.0,84,1
SKU025,2025-08-04,4,19.895425754800755,17.0,17,1
SKU026,2025-08-04,4,138.43728769841263,138.0,150,1
SKU027,2025-08-04,4,157.28676984126983,149.0,120,1
SKU028,2025-08-04,4,40.486071969696944,28.0,40,1
SKU029,2025-08-04,4,108.07830645743142,98.0,93,1
SKU030,2025-08-04,4,32.020454947829954,45.0,30,1
SKU031,2025-08-04,4,130.53531500443995,145.0,129,1
SKU032,2025-08-04,4,63.79458207070706,61.0,51,1
SKU033,2025-08-04,4,112.68016792929294,107.0,110,1
SKU034,2025-08-04,4,116.06762062937065,129.0,111,1
SKU035,2025-08-04,4,132.52197975635474,137.0,134,1
SKU036,2025-08-04,4,31.20315169552668,21.0,26,1
SKU037,2025-08-04,4,159.30046320346312,144.0,162,1
SKU038,2025-08-04,4,56.752321123321074,51.0,42,1
SKU039,2025-08-04,4,25.28436695249195,16.0,23,1
SKU040,2025-08-04,4,109.72571933621931,103.0,90,1
SKU041,2025-08-04,4,69.69440873015874,71.0,72,1
SKU042,2025-08-04,4,145.37809505772006,139.0,141,1
SKU043,2025-08-04,4,140.6679161255412,123.0,156,1
SKU044,2025-08-04,4,65.00211577311575,60.0,66,1
SKU045,2025-08-04,4,173.41408531746035,169.0,151,1
SKU046,2025-08-04,4,72.14420175902528,73.0,69,1
SKU047,2025-08-04,4,109.0142288406038,93.0,95,1
SKU048,2025-08-04,4,51.251278540903556,53.0,50,1
SKU049,2025-08-04,4,170.5409058441559,164.0,159,1
SKU050,2025-08-04,4,53.350909340659356,33.0,35,1
SKU001,2025-08-11,5,109.25363071650568,89.0,90,1
SKU002,2025-08-11,5,63.41344913419913,58.0,70,1
SKU003,2025-08-11,5,42.65398575036075,37.0,39,1
SKU004,2025-08-11,5,32.4790118076368,30.0,26,1
SKU005,2025-08-11,5,109.63483928571424,103.0,114,1
SKU006,2025-08-11,5,35.43020869408371,39.0,38,1
SKU007,2025-08-11,5,165.3663896658896,164.0,158,1
SKU008,2025-08-11,5,109.50442622655125,99.0,126,1
SKU009,2025-08-11,5,80.77537888500389,70.0,61,1
SKU010,2025-08-11,5,109.81897510822509,103.0,113,1
SKU011,2025-08-11,5,19.364281773781773,17.0,14,1
SKU012,2025-08-11,5,165.15030519480516,154.0,177,1
SKU013,2025-08-11,5,108.93996819846816,71.0,106,1
SKU014,2025-08-11,5,122.65265169552671,123.0,123,1
SKU015,2025-08-11,5,23.986525682650687,24.0,27,1
SKU016,2025-08-11,5,108.92930230880228,96.0,85,1
SKU017,2025-08-11,5,109.74972667610162,94.0,85,1
SKU018,2025-08-11,5,170.1416872294373,167.0,146,1
SKU019,2025-08-11,5,107.76245503108002,93.0,106,1
SKU020,2025-08-11,5,97.46617578255075,96.0,87,1
SKU021,2025-08-11,5,68.85923665223662,68.0,54,1
SKU022,2025-08-11,5,66.68264357864358,56.0,64,1
SKU023,2025-08-11,5,108.24937801087798,82.0,102,1
SKU024,2025-08-11,5,84.20122925685433,86.0,83,1
SKU025,2025-08-11,5,20.413849234099242,17.0,13,1
SKU026,2025-08-11,5,138.07015999278494,138.0,128,1
SKU027,2025-08-11,5,160.8641982323232,158.0,146,1
SKU028,2025-08-11,5,39.700806998557,31.0,31,1
SKU029,2025-08-11,5,111.1363241341991,107.0,113,1
SKU030,2025-08-11,5,30.743506216006217,25.0,28,1
SKU031,2025-08-11,5,115.72381306193802,120.0,136,1
SKU032,2025-08-11,5,64.87124494949495,54.0,65,1
SKU033,2025-08-11,5,111.35129761904759,103.0,96,1
SKU034,2025-08-11,5,117.06329324841826,120.0,135,1
SKU035,2025-08-11,5,132.77678354978354,137.0,146,1
SKU036,2025-08-11,5,32.592641774891774,24.0,22,1
SKU037,2025-08-11,5,162.59254888167382,156.0,146,1
SKU038,2025-08-11,5,62.60362090687087,51.0,60,1
SKU039,2025-08-11,5,25.58237506937507,24.0,20,1
SKU040,2025-08-11,5,110.0525238095238,109.0,92,1
SKU041,2025-08-11,5,71.86155537518037,71.0,81,1
SKU042,2025-08-11,5,144.42811147186143,141.0,142,1
SKU043,2025-08-11,5,138.81484000721503,136.0,142,1
SKU044,2025-08-11,5,71.59623768143624,76.0,61,1
SKU045,2025-08-11,5,182.5305831529582,197.0,155,1
SKU046,2025-08-11,5,65.22852159197012,59.0,64,1
SKU047,2025-08-11,5,108.61259103396598,66.0,101,1
SKU048,2025-08-11,5,52.640436008436,59.0,35,1
SKU049,2025-08-11,5,157.89521176046176,151.0,163,1
SKU050,2025-08-11,5,54.375182387057414,49.0,43,1
SKU001,2025-08-18,6,109.89496897546897,98.0,91,1
SKU002,2025-08-18,6,65.24450090187592,46.0,70,1
SKU003,2025-08-18,6,41.05002038239537,38.0,34,1
SKU004,2025-08-18,6,30.874082584082576,29.0,18,1
SKU005,2025-08-18,6,109.68722204184702,113.0,95,1
SKU006,2025-08-18,6,34.82782439782441,34.0,42,1
SKU007,2025-08-18,6,167.8126228354979,160.0,146,1
SKU008,2025-08-18,6,115.3176875485626,113.0,89,1
SKU009,2025-08-18,6,80.43253595016097,59.0,69,1
SKU010,2025-08-18,6,109.60851479076479,99.0,100,1
SKU011,2025-08-18,6,20.235774891774895,9.0,24,1
SKU012,2025-08-18,6,178.81714502164502,169.0,178,1
SKU013,2025-08-18,6,108.77106451881447,91.0,96,1
SKU014,2025-08-18,6,119.1860773809524,129.0,131,1
SKU015,2025-08-18,6,24.76966522366523,25.0,26,1
SKU016,2025-08-18,6,107.96108111333106,78.0,90,1
SKU017,2025-08-18,6,110.75020238095232,95.0,85,1
SKU018,2025-08-18,6,173.0455284992785,169.0,151,1
SKU019,2025-08-18,6,108.71890945165944,104.0,109,1
SKU020,2025-08-18,6,95.89763790376293,95.0,99,1
SKU021,2025-08-18,6,65.37194931457428,59.0,60,1
SKU022,2025-08-18,6,69.34748665223668,68.0,69,1
SKU023,2025-08-18,6,109.82070039682543,99.0,95,1
SKU024,2025-08-18,6,84.5587222222223,100.0,69,1
SKU025,2025-08-18,6,19.864998737373742,19.0,18,1
SKU026,2025-08-18,6,136.5258703102453,144.0,123,1
SKU027,2025-08-18,6,162.81452633477625,165.0,145,1
SKU028,2025-08-18,6,39.85198214285715,37.0,27,1
SKU029,2025-08-18,6,110.24446536796533,106.0,114,1
SKU030,2025-08-18,6,28.908430638805648,30.0,36,1
SKU031,2025-08-18,6,110.11604888167382,104.0,111,1
SKU032,2025-08-18,6,64.644591991342,42.0,51,1
SKU033,2025-08-18,6,111.31008333333337,109.0,113,1
SKU034,2025-08-18,6,111.62620869408369,95.0,103,1
SKU035,2025-08-18,6,128.4039274891775,125.0,117,1
SKU036,2025-08-18,6,32.0201286075036,34.0,27,1
SKU037,2025-08-18,6,149.83652759740264,134.0,170,1
SKU038,2025-08-18,6,62.35883423520919,42.0,47,1
SKU039,2025-08-18,6,26.722973665223666,29.0,18,1
SKU040,2025-08-18,6,110.12526587301583,110.0,110,1
SKU041,2025-08-18,6,67.29129581529583,67.0,66,1
SKU042,2025-08-18,6,133.31617045454556,126.0,154,1
SKU043,2025-08-18,6,131.1287848124099,123.0,130,1
SKU044,2025-08-18,6,64.29809933367284,55.0,70,1
SKU045,2025-08-18,6,150.78109072871578,130.0,159,1
SKU046,2025-08-18,6,63.67934897292247,60.0,54,1
SKU047,2025-08-18,6,110.18733405483404,101.0,86,1
SKU048,2025-08-18,6,53.68270497557997,59.0,45,1
SKU049,2025-08-18,6,152.99217261904764,138.0,145,1
SKU050,2025-08-18,6,55.654093101343136,29.0,35,1
SKU001,2025-08-25,7,109.0837517482517,92.0,97,1
SKU002,2025-08-25,7,72.55589781052282,69.0,79,1
SKU003,2025-08-25,7,42.54949512987014,40.0,27,1
SKU004,2025-08-25,7,30.80462028249528,22.0,36,1
SKU005,2025-08-25,7,112.28903427128427,122.0,96,1
SKU006,2025-08-25,7,36.22550432900436,55.0,36,1
SKU007,2025-08-25,7,158.21884018759013,151.0,170,1
SKU008,2025-08-25,7,114.40033176545676,107.0,101,1
SKU009,2025-08-25,7,81.48212325174828,58.0,62,1
SKU010,2025-08-25,7,108.70841955266953,96.0,114,1
SKU011,2025-08-25,7,18.607335164835167,17.0,11,1
SKU012,2025-08-25,7,180.86841323953817,176.0,171,1
SKU013,2025-08-25,7,108.93187999500495,86.0,84,1
SKU014,2025-08-25,7,125.01145382395381,135.0,157,1
SKU015,2025-08-25,7,23.468522727272738,28.0,28,1
SKU016,2025-08-25,7,109.50739357864354,98.0,85,1
SKU017,2025-08-25,7,109.82812404262403,85.0,78,1
SKU018,2025-08-25,7,174.47095183982685,171.0,161,1
SKU019,2025-08-25,7,108.94839556277057,102.0,93,1
SKU020,2025-08-25,7,95.96680289155294,102.0,74,1
SKU021,2025-08-25,7,65.04892123154622,53.0,43,1
SKU022,2025-08-25,7,65.32994696969698,66.0,49,1
SKU023,2025-08-25,7,108.7325407092907,85.0,82,1
SKU024,2025-08-25,7,84.42578841991346,88.0,93,1
SKU025,2025-08-25,7,20.207906052281057,26.0,22,1
SKU026,2025-08-25,7,128.62677759740257,129.0,129,1
SKU027,2025-08-25,7,154.65837914862914,154.0,138,1
SKU028,2025-08-25,7,40.4378189033189,31.0,45,1
SKU029,2025-08-25,7,108.20239574314569,99.0,103,1
SKU030,2025-08-25,7,28.802788822288825,39.0,32,1
SKU031,2025-08-25,7,113.07233621933625,124.0,123,1
SKU032,2025-08-25,7,64.53550667388166,50.0,55,1
SKU033,2025-08-25,7,111.03414971139973,107.0,115,1
SKU034,2025-08-25,7,111.77864209401713,115.0,138,1
SKU035,2025-08-25,7,129.4326386530137,135.0,132,1
SKU036,2025-08-25,7,31.119995379620367,28.0,43,1
SKU037,2025-08-25,7,153.06431727994226,156.0,171,1
SKU038,2025-08-25,7,57.50609722222218,48.0,49,1
SKU039,2025-08-25,7,25.60897564935065,16.0,13,1
SKU040,2025-08-25,7,107.6254752331002,85.0,99,1
SKU041,2025-08-25,7,73.23462067099567,77.0,80,1
SKU042,2025-08-25,7,139.67338203463206,147.0,162,1
SKU043,2025-08-25,7,138.18172637085132,140.0,139,1
SKU044,2025-08-25,7,71.39680947075799,70.0,51,1
SKU045,2025-08-25,7,158.81812139249635,158.0,138,1
SKU046,2025-08-25,7,66.10640259985111,55.0,58,1
SKU047,2025-08-25,7,111.29049675324671,110.0,92,1
SKU048,2025-08-25,7,55.012335511710496,65.0,60,1
SKU049,2025-08-25,7,153.64222763347757,156.0,159,1
SKU050,2025-08-25,7,55.29295400432901,37.0,34,1
SKU001,2025-09-01,8,110.0196177849928,96.0,88,1
SKU002,2025-09-01,8,64.48157215007217,56.0,62,1
SKU003,2025-09-01,8,42.661425865800865,38.0,34,1
SKU004,2025-09-01,8,31.834485833610827,30.0,38,1
SKU005,2025-09-01,8,111.05229581529582,113.0,95,1
SKU006,2025-09-01,8,31.600248640248655,33.0,43,1
SKU007,2025-09-01,8,156.01098917748914,157.0,152,1
SKU008,2025-09-01,8,114.89346776834276,115.0,92,1
SKU009,2025-09-01,8,80.39325023587524,58.0,71,1
SKU010,2025-09-01,8,108.3773859473859,92.0,104,1
SKU011,2025-09-01,8,18.710162545787547,18.0,16,1
SKU012,2025-09-01,8,163.59816540404034,151.0,180,1
SKU013,2025-09-01,8,110.57457875457874,98.0,99,1
SKU014,2025-09-01,8,126.98782524420025,146.0,127,1
SKU015,2025-09-01,8,23.654520382395393,25.0,28,1
SKU016,2025-09-01,8,108.18694024031517,94.0,66,1
SKU017,2025-09-01,8,109.36508531746026,98.0,71,1
SKU018,2025-09-01,8,165.3702530663781,158.0,150,1
SKU019,2025-09-01,8,109.75709794372293,104.0,103,1
SKU020,2025-09-01,8,92.45881894494397,84.0,97,1
SKU021,2025-09-01,8,65.01754635642129,52.0,47,1
SKU022,2025-09-01,8,65.3021763930514,64.0,55,1
SKU023,2025-09-01,8,108.99125697913196,88.0,76,1
SKU024,2025-09-01,8,84.96635227272729,84.0,104,1
SKU025,2025-09-01,8,18.45690064102565,16.0,17,1
SKU026,2025-09-01,8,132.28980734543234,146.0,153,1
SKU027,2025-09-01,8,145.20725450937954,127.0,167,1
SKU028,2025-09-01,8,40.520141774891776,41.0,35,1
SKU029,2025-09-01,8,111.18587312687313,109.0,90,1
SKU030,2025-09-01,8,29.679558885558876,26.0,26,1
SKU031,2025-09-01,8,112.12771753246753,110.0,118,1
SKU032,2025-09-01,8,66.0848961038961,58.0,48,1
SKU033,2025-09-01,8,111.06662590187592,109.0,97,1
SKU034,2025-09-01,8,110.08990277777777,110.0,150,1
SKU035,2025-09-01,8,120.64597773060272,120.0,147,1
SKU036,2025-09-01,8,31.14858737096236,33.0,28,1
SKU037,2025-09-01,8,150.37984758297253,155.0,133,1
SKU038,2025-09-01,8,57.555314033188985,58.0,48,1
SKU039,2025-09-01,8,25.47322474747474,26.0,17,1
SKU040,2025-09-01,8,107.69525499500493,94.0,105,1
SKU041,2025-09-01,8,63.08190909090909,63.0,72,1
SKU042,2025-09-01,8,139.9251113608614,147.0,146,1
SKU043,2025-09-01,8,136.20645353257856,148.0,133,1
SKU044,2025-09-01,8,65.32952754435105,60.0,56,1
SKU045,2025-09-01,8,160.31319828782335,159.0,163,1
SKU046,2025-09-01,8,64.02281975214323,60.0,53,1
SKU047,2025-09-01,8,109.43554238816739,96.0,103,1
SKU048,2025-09-01,8,54.41130158730159,41.0,57,1
SKU049,2025-09-01,8,150.31365999278498,152.0,152,1
SKU050,2025-09-01,8,54.46841612554112,37.0,29,1
SKU001,2025-09-08,1,88.95913005050507,89.0,93,2
SKU002,2025-09-08,1,67.94740458152958,61.0,65,2
SKU003,2025-09-08,1,34.691973748473764,30.0,42,2
SKU004,2025-09-08,1,30.20466684704184,34.0,29,2
SKU005,2025-09-08,1,99.1710515873015,104.0,96,2
SKU006,2025-09-08,1,39.53472348484848,38.0,40,2
SKU007,2025-09-08,1,162.4646313131313,174.0,153,2
SKU008,2025-09-08,1,98.39585137085135,93.0,90,2
SKU009,2025-09-08,1,64.35414592352092,56.0,87,2
SKU010,2025-09-08,1,105.84346067821069,116.0,92,2
SKU011,2025-09-08,1,18.33846890609391,22.0,16,2
SKU012,2025-09-08,1,171.36530266955276,167.0,160,2
SKU013,2025-09-08,1,88.34140786990787,101.0,105,2
SKU014,2025-09-08,1,135.42218813131313,145.0,151,2
SKU015,2025-09-08,1,29.285872974247987,26.0,24,2
SKU016,2025-09-08,1,83.20288041125545,77.0,78,2
SKU017,2025-09-08,1,82.17117965367969,88.0,77,2
SKU018,2025-09-08,1,156.2751531385282,158.0,155,2
SKU019,2025-09-08,1,100.20255519480524,108.0,76,2
SKU020,2025-09-08,1,90.70748989898992,69.0,91,2
SKU021,2025-09-08,1,47.18401821789323,55.0,55,2
SKU022,2025-09-08,1,60.05833029470532,59.0,67,2
SKU023,2025-09-08,1,86.47285786435785,87.0,53,2
SKU024,2025-09-08,1,87.57147276334777,83.0,79,2
SKU025,2025-09-08,1,20.082914141414143,17.0,16,2
SKU026,2025-09-08,1,138.63706006493504,143.0,124,2
SKU027,2025-09-08,1,148.00830239205246,134.0,143,2
SKU028,2025-09-08,1,32.39321554834054,26.0,36,2
SKU029,2025-09-08,1,101.86717460317458,104.0,89,2
SKU030,2025-09-08,1,30.33045833333334,30.0,34,2
SKU031,2025-09-08,1,127.27148304473309,135.0,125,2
SKU032,2025-09-08,1,50.32368931068933,60.0,76,2
SKU033,2025-09-08,1,101.91607702020201,107.0,126,2
SKU034,2025-09-08,1,135.17486661949164,150.0,115,2
SKU035,2025-09-08,1,138.73548980186476,134.0,119,2
SKU036,2025-09-08,1,30.79995652958154,30.0,26,2
SKU037,2025-09-08,1,148.29274783549786,149.0,154,2
SKU038,2025-09-08,1,48.426938589188595,47.0,47,2
SKU039,2025-09-08,1,18.15219083694084,22.0,20,2
SKU040,2025-09-08,1,101.59482124819623,109.0,106,2
SKU041,2025-09-08,1,71.90401046176045,66.0,58,2
SKU042,2025-09-08,1,153.7551430375181,126.0,149,2
SKU043,2025-09-08,1,134.1532247474747,124.0,143,2
SKU044,2025-09-08,1,58.43592250804753,63.0,61,2
SKU045,2025-09-08,1,150.11759210234212,154.0,171,2
SKU046,2025-09-08,1,56.39232344044844,56.0,56,2
SKU047,2025-09-08,1,90.80999963924961,75.0,78,2
SKU048,2025-09-08,1,51.599710470085505,63.0,58,2
SKU049,2025-09-08,1,157.75537680375183,164.0,167,2
SKU050,2025-09-08,1,36.31828693528694,52.0,33,2
SKU001,2025-09-15,2,91.36921392496397,104.0,88,2
SKU002,2025-09-15,2,63.82090836940838,59.0,79,2
SKU003,2025-09-15,2,31.623335137085146,41.0,39,2
SKU004,2025-09-15,2,29.542377705627704,29.0,26,2
SKU005,2025-09-15,2,94.36059054834055,95.0,89,2
SKU006,2025-09-15,2,39.972602813852816,42.0,45,2
SKU007,2025-09-15,2,152.03427349039856,151.0,162,2
SKU008,2025-09-15,2,89.59191765179268,101.0,87,2
SKU009,2025-09-15,2,64.88936598124099,58.0,70,2
SKU010,2025-09-15,2,107.36299927849926,115.0,114,2
SKU011,2025-09-15,2,16.497190309690314,15.0,16,2
SKU012,2025-09-15,2,171.1002895021646,163.0,171,2
SKU013,2025-09-15,2,90.54802143689643,84.0,82,2
SKU014,2025-09-15,2,138.82821581196583,137.0,140,2
SKU015,2025-09-15,2,28.17421554834055,21.0,23,2
SKU016,2025-09-15,2,84.83888455988458,90.0,76,2
SKU017,2025-09-15,2,85.01007570207572,88.0,83,2
SKU018,2025-09-15,2,155.08018434343435,163.0,148,2
SKU019,2025-09-15,2,95.16543534243534,80.0,100,2
SKU020,2025-09-15,2,92.00213041125541,83.0,79,2
SKU021,2025-09-15,2,48.31905140692642,48.0,55,2
SKU022,2025-09-15,2,58.94498705461208,66.0,60,2
SKU023,2025-09-15,2,85.53157521645022,85.0,111,2
SKU024,2025-09-15,2,85.39185804473304,72.0,84,2
SKU025,2025-09-15,2,17.156967365967372,15.0,16,2
SKU026,2025-09-15,2,138.2927103174603,120.0,138,2
SKU027,2025-09-15,2,150.2291185064936,143.0,158,2
SKU028,2025-09-15,2,35.91395021645022,44.0,34,2
SKU029,2025-09-15,2,100.27155194805192,93.0,105,2
SKU030,2025-09-15,2,31.39722601010102,32.0,32,2
SKU031,2025-09-15,2,117.44027236652242,123.0,118,2
SKU032,2025-09-15,2,50.24207789432791,69.0,57,2
SKU033,2025-09-15,2,100.01817965367964,88.0,110,2
SKU034,2025-09-15,2,135.31747791097786,153.0,110,2
SKU035,2025-09-15,2,139.8842074314574,133.0,138,2
SKU036,2025-09-15,2,31.648680555555558,28.0,35,2
SKU037,2025-09-15,2,155.35093145743147,163.0,165,2
SKU038,2025-09-15,2,46.98451781551781,43.0,40,2
SKU039,2025-09-15,2,18.799136016761025,22.0,18,2
SKU040,2025-09-15,2,97.78858018370525,89.0,109,2
SKU041,2025-09-15,2,73.74082918470418,74.0,66,2
SKU042,2025-09-15,2,152.8139197330448,147.0,169,2
SKU043,2025-09-15,2,137.71228499278502,136.0,143,2
SKU044,2025-09-15,2,58.01755522255521,56.0,47,2
SKU045,2025-09-15,2,153.56169963369973,152.0,147,2
SKU046,2025-09-15,2,49.82448809523811,54.0,61,2
SKU047,2025-09-15,2,95.11791006216012,94.0,87,2
SKU048,2025-09-15,2,50.07166648629148,56.0,54,2
SKU049,2025-09-15,2,152.179757006882,150.0,158,2
SKU050,2025-09-15,2,33.4833338883339,27.0,30,2
SKU001,2025-09-22,3,94.34123475135975,109.0,86,2
SKU002,2025-09-22,3,63.0667318514818,63.0,60,2
SKU003,2025-09-22,3,29.704131854256843,32.0,42,2
SKU004,2025-09-22,3,33.77246158008659,26.0,28,2
SKU005,2025-09-22,3,93.62024819624821,108.0,108,2
SKU006,2025-09-22,3,38.96773769286269,40.0,48,2
SKU007,2025-09-22,3,160.25922745310245,170.0,171,2
SKU008,2025-09-22,3,92.11358251470755,107.0,93,2
SKU009,2025-09-22,3,62.84736746586745,67.0,69,2
SKU010,2025-09-22,3,109.49456565656568,128.0,100,2
SKU011,2025-09-22,3,19.366125485625485,18.0,11,2
SKU012,2025-09-22,3,171.1018455988456,174.0,150,2
SKU013,2025-09-22,3,92.87244516594518,99.0,82,2
SKU014,2025-09-22,3,140.53100541125536,151.0,132,2
SKU015,2025-09-22,3,29.263095959595965,20.0,28,2
SKU016,2025-09-22,3,82.9189958513709,89.0,78,2
SKU017,2025-09-22,3,78.74400052725053,101.0,90,2
SKU018,2025-09-22,3,157.72668434343439,169.0,146,2
SKU019,2025-09-22,3,97.86374007936507,97.0,105,2
SKU020,2025-09-22,3,86.05180075480075,80.0,86,2
SKU021,2025-09-22,3,47.7601361832612,61.0,53,2
SKU022,2025-09-22,3,55.45978513153513,72.0,61,2
SKU023,2025-09-22,3,83.20934072871573,89.0,90,2
SKU024,2025-09-22,3,89.05545704295704,85.0,80,2
SKU025,2025-09-22,3,16.03340675990677,12.0,21,2
SKU026,2025-09-22,3,139.18748186535686,129.0,132,2
SKU027,2025-09-22,3,151.4407985209235,156.0,150,2
SKU028,2025-09-22,3,34.88493885281384,25.0,30,2
SKU029,2025-09-22,3,98.07756872294368,93.0,86,2
SKU030,2025-09-22,3,31.937037518037528,37.0,41,2
SKU031,2025-09-22,3,117.57496554834063,116.0,112,2
SKU032,2025-09-22,3,47.2407500901876,43.0,60,2
SKU033,2025-09-22,3,101.67596807359308,106.0,125,2
SKU034,2025-09-22,3,135.0470332722832,111.0,148,2
SKU035,2025-09-22,3,140.7190994699744,130.0,123,2
SKU036,2025-09-22,3,34.97000423187925,32.0,27,2
SKU037,2025-09-22,3,154.42713113275616,132.0,157,2
SKU038,2025-09-22,3,47.33775498112999,37.0,49,2
SKU039,2025-09-22,3,19.148237207237216,24.0,25,2
SKU040,2025-09-22,3,94.12439872627367,84.0,87,2
SKU041,2025-09-22,3,68.16839040126538,62.0,62,2
SKU042,2025-09-22,3,154.222785894661,133.0,123,2
SKU043,2025-09-22,3,137.2358818542568,140.0,121,2
SKU044,2025-09-22,3,53.95306977744477,68.0,66,2
SKU045,2025-09-22,3,163.1005193903319,178.0,162,2
SKU046,2025-09-22,3,48.41994264069265,56.0,73,2
SKU047,2025-09-22,3,96.24267658730159,115.0,94,2
SKU048,2025-09-22,3,49.59663383838385,48.0,50,2
SKU049,2025-09-22,3,164.7657300685425,178.0,168,2
SKU050,2025-09-22,3,32.404162892662896,25.0,38,2
SKU001,2025-09-29,4,89.92312427849926,71.0,83,2
SKU002,2025-09-29,4,63.59466175491171,51.0,63,2
SKU003,2025-09-29,4,33.33440313852816,32.0,43,2
SKU004,2025-09-29,4,34.10489602064603,26.0,23,2
SKU005,2025-09-29,4,92.6167088467088,86.0,97,2
SKU006,2025-09-29,4,40.96104974192475,47.0,43,2
SKU007,2025-09-29,4,150.44696302308807,130.0,129,2
SKU008,2025-09-29,4,94.58717207792212,89.0,98,2
SKU009,2025-09-29,4,66.07179996392495,42.0,58,2
SKU010,2025-09-29,4,110.15042712842717,122.0,79,2
SKU011,2025-09-29,4,18.919104811854808,11.0,28,2
SKU012,2025-09-29,4,162.28164249639258,144.0,136,2
SKU013,2025-09-29,4,90.84884286546784,68.0,96,2
SKU014,2025-09-29,4,128.98166133866127,97.0,123,2
SKU015,2025-09-29,4,30.41657810245311,34.0,19,2
SKU016,2025-09-29,4,82.45331601731604,71.0,72,2
SKU017,2025-09-29,4,77.13728682428682,60.0,75,2
SKU018,2025-09-29,4,147.90379779942285,134.0,138,2
SKU019,2025-09-29,4,92.94588474025971,81.0,83,2
SKU020,2025-09-29,4,89.98201386113885,77.0,75,2
SKU021,2025-09-29,4,47.73061435786437,50.0,35,2
SKU022,2025-09-29,4,53.31621338383839,53.0,50,2
SKU023,2025-09-29,4,81.90923509823514,76.0,89,2
SKU024,2025-09-29,4,90.80585517260516,83.0,69,2
SKU025,2025-09-29,4,19.42426660839161,14.0,12,2
SKU026,2025-09-29,4,139.48705862193356,131.0,114,2
SKU027,2025-09-29,4,151.12607738095244,126.0,151,2
SKU028,2025-09-29,4,31.921588564213565,36.0,18,2
SKU029,2025-09-29,4,99.08441619491616,98.0,78,2
SKU030,2025-09-29,4,29.69170310245311,22.0,27,2
SKU031,2025-09-29,4,111.5359926948052,105.0,107,2
SKU032,2025-09-29,4,48.38046645021646,50.0,44,2
SKU033,2025-09-29,4,98.41598322510818,94.0,102,2
SKU034,2025-09-29,4,135.65451190476185,118.0,106,2
SKU035,2025-09-29,4,134.21331114718606,114.0,134,2
SKU036,2025-09-29,4,28.893309718059726,27.0,33,2
SKU037,2025-09-29,4,146.28485425685432,143.0,140,2
SKU038,2025-09-29,4,47.200850219225224,41.0,40,2
SKU039,2025-09-29,4,19.234685259185262,16.0,26,2
SKU040,2025-09-29,4,94.55815692640694,91.0,76,2
SKU041,2025-09-29,4,61.60794938394939,62.0,67,2
SKU042,2025-09-29,4,148.98628787878798,120.0,132,2
SKU043,2025-09-29,4,136.98381277056274,130.0,115,2
SKU044,2025-09-29,4,49.82229599567099,48.0,50,2
SKU045,2025-09-29,4,148.53968109668114,139.0,142,2
SKU046,2025-09-29,4,47.8992923881674,54.0,62,2
SKU047,2025-09-29,4,90.46750989288488,75.0,77,2
SKU048,2025-09-29,4,47.52862941919192,47.0,46,2
SKU049,2025-09-29,4,148.680077922078,147.0,142,2
SKU050,2025-09-29,4,31.429050685425704,34.0,35,2
SKU001,2025-10-06,5,90.95266718004218,82.0,82,2
SKU002,2025-10-06,5,61.91237333499831,65.0,56,2
SKU003,2025-10-06,5,32.19727238039739,34.0,33,2
SKU004,2025-10-06,5,29.24069733044733,29.0,28,2
SKU005,2025-10-06,5,94.05507792207791,96.0,107,2
SKU006,2025-10-06,5,40.521194042069034,38.0,38,2
SKU007,2025-10-06,5,152.053204906205,123.0,149,2
SKU008,2025-10-06,5,91.54500989288485,80.0,88,2
SKU009,2025-10-06,5,61.08509206071703,65.0,51,2
SKU010,2025-10-06,5,101.44166684704189,79.0,83,2
SKU011,2025-10-06,5,17.874918303918307,16.0,16,2
SKU012,2025-10-06,5,160.82362896825404,144.0,140,2
SKU013,2025-10-06,5,91.08806078643582,75.0,87,2
SKU014,2025-10-06,5,135.69501479076482,126.0,122,2
SKU015,2025-10-06,5,31.38900090187592,29.0,16,2
SKU016,2025-10-06,5,84.47384541847046,85.0,84,2
SKU017,2025-10-06,5,80.5630657953158,67.0,76,2
SKU018,2025-10-06,5,153.5584482323233,153.0,154,2
SKU019,2025-10-06,5,92.12617406204912,93.0,92,2
SKU020,2025-10-06,5,92.46151010101012,83.0,107,2
SKU021,2025-10-06,5,47.22574864024864,39.0,48,2
SKU022,2025-10-06,5,55.670879120879114,55.0,54,2
SKU023,2025-10-06,5,86.6084880952381,67.0,80,2
SKU024,2025-10-06,5,88.43543272005775,66.0,65,2
SKU025,2025-10-06,5,18.20396141358642,20.0,13,2
SKU026,2025-10-06,5,138.91654607892104,145.0,135,2
SKU027,2025-10-06,5,147.52648069985574,126.0,149,2
SKU028,2025-10-06,5,32.972625541125545,29.0,31,2
SKU029,2025-10-06,5,97.90299080086575,96.0,92,2
SKU030,2025-10-06,5,28.970774350649357,18.0,25,2
SKU031,2025-10-06,5,111.36358558802316,109.0,109,2
SKU032,2025-10-06,5,48.36957317682318,56.0,50,2
SKU033,2025-10-06,5,96.95402398989893,95.0,88,2
SKU034,2025-10-06,5,129.94716043678537,99.0,97,2
SKU035,2025-10-06,5,131.7435519480519,102.0,108,2
SKU036,2025-10-06,5,30.553944264069255,35.0,19,2
SKU037,2025-10-06,5,151.97930952380958,132.0,128,2
SKU038,2025-10-06,5,47.258983641358626,37.0,48,2
SKU039,2025-10-06,5,18.512630244755254,9.0,17,2
SKU040,2025-10-06,5,95.77429256854255,93.0,82,2
SKU041,2025-10-06,5,72.55116450216451,82.0,54,2
SKU042,2025-10-06,5,148.7170490620491,125.0,137,2
SKU043,2025-10-06,5,134.76820165945168,113.0,125,2
SKU044,2025-10-06,5,49.710213245088255,57.0,49,2
SKU045,2025-10-06,5,151.05416702741718,131.0,123,2
SKU046,2025-10-06,5,47.88472721722724,60.0,47,2
SKU047,2025-10-06,5,94.34995833333336,93.0,81,2
SKU048,2025-10-06,5,47.20917406204907,51.0,51,2
SKU049,2025-10-06,5,153.6113528138529,151.0,137,2
SKU050,2025-10-06,5,32.83974080086582,33.0,39,2
SKU001,2025-10-13,6,92.73421083083585,88.0,82,2
SKU002,2025-10-13,6,67.95950306637806,72.0,59,2
SKU003,2025-10-13,6,30.526502358752353,27.0,26,2
SKU004,2025-10-13,6,30.694531565656554,29.0,24,2
SKU005,2025-10-13,6,95.21108766233765,92.0,105,2
SKU006,2025-10-13,6,41.75437987012987,37.0,29,2
SKU007,2025-10-13,6,152.39128932178934,128.0,158,2
SKU008,2025-10-13,6,92.09478135753137,71.0,115,2
SKU009,2025-10-13,6,63.31310349372847,58.0,63,2
SKU010,2025-10-13,6,99.94833757908764,74.0,96,2
SKU011,2025-10-13,6,18.747822344322344,13.0,11,2
SKU012,2025-10-13,6,160.57548178210686,144.0,128,2
SKU013,2025-10-13,6,91.67094369519371,80.0,61,2
SKU014,2025-10-13,6,136.4289842102342,123.0,120,2
SKU015,2025-10-13,6,30.18990458152959,22.0,21,2
SKU016,2025-10-13,6,85.3481152597403,84.0,86,2
SKU017,2025-10-13,6,82.44998126873126,100.0,84,2
SKU018,2025-10-13,6,149.63985028860034,140.0,141,2
SKU019,2025-10-13,6,91.71430841380842,85.0,96,2
SKU020,2025-10-13,6,93.78503048340549,92.0,74,2
SKU021,2025-10-13,6,47.6521246947497,43.0,65,2
SKU022,2025-10-13,6,52.64683698246197,52.0,58,2
SKU023,2025-10-13,6,85.71204870129868,74.0,74,2
SKU024,2025-10-13,6,88.818895021645,72.0,75,2
SKU025,2025-10-13,6,21.784549963924963,26.0,17,2
SKU026,2025-10-13,6,139.48227605727604,141.0,138,2
SKU027,2025-10-13,6,146.47835479797982,121.0,127,2
SKU028,2025-10-13,6,33.26802021589522,34.0,32,2
SKU029,2025-10-13,6,96.52489898989894,90.0,85,2
SKU030,2025-10-13,6,32.45259722222224,31.0,32,2
SKU031,2025-10-13,6,103.54864538239545,109.0,120,2
SKU032,2025-10-13,6,49.022819208569196,49.0,48,2
SKU033,2025-10-13,6,98.60957323232319,104.0,100,2
SKU034,2025-10-13,6,136.42997402597396,116.0,115,2
SKU035,2025-10-13,6,139.14333359695857,126.0,129,2
SKU036,2025-10-13,6,31.45170256132756,29.0,19,2
SKU037,2025-10-13,6,151.85763528138534,129.0,147,2
SKU038,2025-10-13,6,49.33760474247974,52.0,44,2
SKU039,2025-10-13,6,18.291594350094364,18.0,16,2
SKU040,2025-10-13,6,91.56203896103891,96.0,81,2
SKU041,2025-10-13,6,64.0263653291153,63.0,62,2
SKU042,2025-10-13,6,151.98781259018762,131.0,138,2
SKU043,2025-10-13,6,134.97696482683983,121.0,123,2
SKU044,2025-10-13,6,50.6420316974692,61.0,56,2
SKU045,2025-10-13,6,148.57136922799427,142.0,120,2
SKU046,2025-10-13,6,47.32881823731824,42.0,40,2
SKU047,2025-10-13,6,94.22216627816628,84.0,76,2
SKU048,2025-10-13,6,49.33232774170275,51.0,59,2
SKU049,2025-10-13,6,151.6359202741703,129.0,152,2
SKU050,2025-10-13,6,32.7729680735931,38.0,31,2
SKU001,2025-10-20,7,93.50655429292928,89.0,78,2
SKU002,2025-10-20,7,64.19890941003439,47.0,51,2
SKU003,2025-10-20,7,29.886122474747467,35.0,34,2
SKU004,2025-10-20,7,32.428643398268406,26.0,24,2
SKU005,2025-10-20,7,93.97996338383835,85.0,98,2
SKU006,2025-10-20,7,42.34435515873015,29.0,34,2
SKU007,2025-10-20,7,152.70987806637817,124.0,131,2
SKU008,2025-10-20,7,95.87816919191918,97.0,81,2
SKU009,2025-10-20,7,61.713407065157035,52.0,52,2
SKU010,2025-10-20,7,99.4938311688312,92.0,86,2
SKU011,2025-10-20,7,17.6348751942502,9.0,18,2
SKU012,2025-10-20,7,158.02633874458886,140.0,141,2
SKU013,2025-10-20,7,91.54135461760461,64.0,69,2
SKU014,2025-10-20,7,137.5054460955711,128.0,133,2
SKU015,2025-10-20,7,29.737648629148634,24.0,21,2
SKU016,2025-10-20,7,84.10230808080809,82.0,73,2
SKU017,2025-10-20,7,80.92549475524474,82.0,61,2
SKU018,2025-10-20,7,155.75301370851378,159.0,135,2
SKU019,2025-10-20,7,93.45203643578643,86.0,84,2
SKU020,2025-10-20,7,92.70293109668111,83.0,88,2
SKU021,2025-10-20,7,49.960421300921304,55.0,44,2
SKU022,2025-10-20,7,53.21326942501942,47.0,51,2
SKU023,2025-10-20,7,85.87140295815293,84.0,91,2
SKU024,2025-10-20,7,91.62895797258301,62.0,82,2
SKU025,2025-10-20,7,17.62724332611833,16.0,17,2
SKU026,2025-10-20,7,140.00711101398602,137.0,124,2
SKU027,2025-10-20,7,150.7557108585859,151.0,130,2
SKU028,2025-10-20,7,33.8172575896326,26.0,30,2
SKU029,2025-10-20,7,98.50523088023083,96.0,98,2
SKU030,2025-10-20,7,30.299680735930743,26.0,27,2
SKU031,2025-10-20,7,104.99825162337667,112.0,114,2
SKU032,2025-10-20,7,49.43288567682314,48.0,52,2
SKU033,2025-10-20,7,101.76036850649346,114.0,95,2
SKU034,2025-10-20,7,137.0611744227994,111.0,101,2
SKU035,2025-10-20,7,132.32939239926736,102.0,135,2
SKU036,2025-10-20,7,31.022792748917755,21.0,34,2
SKU037,2025-10-20,7,150.7500247113998,141.0,139,2
SKU038,2025-10-20,7,48.94912846181595,45.0,44,2
SKU039,2025-10-20,7,18.41157360694862,19.0,19,2
SKU040,2025-10-20,7,95.05092730880227,92.0,91,2
SKU041,2025-10-20,7,63.012647616272616,63.0,52,2
SKU042,2025-10-20,7,149.07329834054838,114.0,117,2
SKU043,2025-10-20,7,138.2022385808636,132.0,117,2
SKU044,2025-10-20,7,51.59506605200353,57.0,53,2
SKU045,2025-10-20,7,160.65016468253964,173.0,143,2
SKU046,2025-10-20,7,47.035880647130654,40.0,50,2
SKU047,2025-10-20,7,94.28736056998552,79.0,75,2
SKU048,2025-10-20,7,50.0778446067821,53.0,31,2
SKU049,2025-10-20,7,153.11577002164512,148.0,138,2
SKU050,2025-10-20,7,30.44106925019426,38.0,31,2
SKU001,2025-10-27,8,94.14591738816738,83.0,93,2
SKU002,2025-10-27,8,62.92579768842267,65.0,70,2
SKU003,2025-10-27,8,31.57689592352092,17.0,41,2
SKU004,2025-10-27,8,31.93563944388945,32.0,32,2
SKU005,2025-10-27,8,97.41145075757575,109.0,104,2
SKU006,2025-10-27,8,41.893442057942046,40.0,36,2
SKU007,2025-10-27,8,154.24731619769125,152.0,152,2
SKU008,2025-10-27,8,97.15014889277388,99.0,100,2
SKU009,2025-10-27,8,60.79962251637248,66.0,78,2
SKU010,2025-10-27,8,102.16144624819628,109.0,120,2
SKU011,2025-10-27,8,17.673808816183822,15.0,19,2
SKU012,2025-10-27,8,166.77610603285598,183.0,151,2
SKU013,2025-10-27,8,94.9043486652237,93.0,79,2
SKU014,2025-10-27,8,140.3365223665223,132.0,127,2
SKU015,2025-10-27,8,29.537414862914865,25.0,17,2
SKU016,2025-10-27,8,84.63067914030412,98.0,109,2
SKU017,2025-10-27,8,81.91816933066933,90.0,83,2
SKU018,2025-10-27,8,161.3638717532468,170.0,166,2
SKU019,2025-10-27,8,95.77707864357866,98.0,91,2
SKU020,2025-10-27,8,93.32744913419914,71.0,101,2
SKU021,2025-10-27,8,49.9222577908203,58.0,58,2
SKU022,2025-10-27,8,53.2394754273504,56.0,62,2
SKU023,2025-10-27,8,86.51124819624812,86.0,84,2
SKU024,2025-10-27,8,95.119130952381,86.0,83,2
SKU025,2025-10-27,8,17.928062950937957,21.0,20,2
SKU026,2025-10-27,8,140.2577940947941,130.0,141,2
SKU027,2025-10-27,8,146.931185966811,138.0,136,2
SKU028,2025-10-27,8,32.47153066378066,40.0,31,2
SKU029,2025-10-27,8,96.73910461760455,75.0,104,2
SKU030,2025-10-27,8,30.329509920634916,27.0,28,2
SKU031,2025-10-27,8,109.80310145410147,129.0,110,2
SKU032,2025-10-27,8,50.174410388222874,51.0,67,2
SKU033,2025-10-27,8,102.92783279220775,118.0,95,2
SKU034,2025-10-27,8,139.5829339826839,137.0,122,2
SKU035,2025-10-27,8,137.93086489898985,119.0,117,2
SKU036,2025-10-27,8,30.68876713564214,28.0,29,2
SKU037,2025-10-27,8,153.88069480519485,153.0,154,2
SKU038,2025-10-27,8,50.261047292984784,55.0,37,2
SKU039,2025-10-27,8,18.30690675990677,21.0,18,2
SKU040,2025-10-27,8,94.66110191197687,89.0,103,2
SKU041,2025-10-27,8,63.44512326562326,66.0,67,2
SKU042,2025-10-27,8,150.84713113275618,136.0,134,2
SKU043,2025-10-27,8,139.55595322732825,130.0,147,2
SKU044,2025-10-27,8,53.10798298923299,59.0,60,2
SKU045,2025-10-27,8,149.08077146464655,145.0,143,2
SKU046,2025-10-27,8,50.375299186924195,55.0,64,2
SKU047,2025-10-27,8,97.04574999999998,93.0,101,2
SKU048,2025-10-27,8,51.00287073343323,63.0,61,2
SKU049,2025-10-27,8,149.03311219336226,140.0,150,2
SKU050,2025-10-27,8,30.72783495670996,36.0,32,2
SKU001,2025-11-03,1,90.80927435064936,99.0,92,3
SKU002,2025-11-03,1,56.31914227439228,52.0,72,3
SKU003,2025-11-03,1,34.23516214341215,41.0,39,3
SKU004,2025-11-03,1,29.6815542929293,29.0,27,3
SKU005,2025-11-03,1,102.13970075757582,109.0,114,3
SKU006,2025-11-03,1,33.702305638805626,40.0,39,3
SKU007,2025-11-03,1,161.29335804473303,172.0,142,3
SKU008,2025-11-03,1,99.87375482850484,97.0,112,3
SKU009,2025-11-03,1,66.10519814907312,71.0,55,3
SKU010,2025-11-03,1,101.93477873515369,100.0,91,3
SKU011,2025-11-03,1,19.3211814990565,11.0,19,3
SKU012,2025-11-03,1,150.21554599567096,156.0,155,3
SKU013,2025-11-03,1,74.16096617965371,72.0,84,3
SKU014,2025-11-03,1,135.28237712287716,130.0,117,3
SKU015,2025-11-03,1,18.493555014430008,25.0,13,3
SKU016,2025-11-03,1,89.00610696248195,84.0,92,3
SKU017,2025-11-03,1,89.38842975080475,95.0,103,3
SKU018,2025-11-03,1,158.33355753968257,162.0,157,3
SKU019,2025-11-03,1,95.21203264790769,95.0,103,3
SKU020,2025-11-03,1,92.8592087357087,81.0,78,3
SKU021,2025-11-03,1,56.95390193140192,58.0,46,3
SKU022,2025-11-03,1,55.50710353535354,54.0,44,3
SKU023,2025-11-03,1,92.28456132756133,85.0,91,3
SKU024,2025-11-03,1,92.34780773393273,78.0,82,3
SKU025,2025-11-03,1,17.9862542041292,18.0,18,3
SKU026,2025-11-03,1,137.93455164280167,127.0,127,3
SKU027,2025-11-03,1,143.22456087662337,143.0,147,3
SKU028,2025-11-03,1,32.97277579365078,32.0,30,3
SKU029,2025-11-03,1,97.25619201631706,95.0,88,3
SKU030,2025-11-03,1,28.467163419913426,28.0,25,3
SKU031,2025-11-03,1,109.67040853590854,113.0,109,3
SKU032,2025-11-03,1,59.84722691197691,68.0,61,3
SKU033,2025-11-03,1,102.23474206349209,123.0,119,3
SKU034,2025-11-03,1,110.45331204906202,122.0,129,3
SKU035,2025-11-03,1,130.8134016955267,124.0,113,3
SKU036,2025-11-03,1,27.484534992784994,33.0,27,3
SKU037,2025-11-03,1,157.45627074314575,162.0,171,3
SKU038,2025-11-03,1,38.925824134199125,34.0,50,3
SKU039,2025-11-03,1,19.35108387445887,24.0,18,3
SKU040,2025-11-03,1,98.62793664668669,114.0,89,3
SKU041,2025-11-03,1,64.60174206349207,75.0,79,3
SKU042,2025-11-03,1,130.89490752303246,121.0,141,3
SKU043,2025-11-03,1,131.53782048507048,128.0,148,3
SKU044,2025-11-03,1,56.09077503052504,48.0,58,3
SKU045,2025-11-03,1,139.36207294094788,143.0,154,3
SKU046,2025-11-03,1,55.2174900793651,56.0,49,3
SKU047,2025-11-03,1,91.5658968115219,93.0,102,3
SKU048,2025-11-03,1,55.21128268953269,45.0,63,3
SKU049,2025-11-03,1,154.44989448051945,160.0,152,3
SKU050,2025-11-03,1,34.47761072261071,54.0,46,3
SKU001,2025-11-10,2,89.92265294427796,80.0,87,3
SKU002,2025-11-10,2,66.15178489565989,67.0,60,3
SKU003,2025-11-10,2,32.358905497280496,38.0,37,3
SKU004,2025-11-10,2,27.035305638805657,26.0,31,3
SKU005,2025-11-10,2,104.90008488733487,123.0,102,3
SKU006,2025-11-10,2,32.361272546897546,28.0,31,3
SKU007,2025-11-10,2,154.62593885281385,159.0,131,3
SKU008,2025-11-10,2,100.77811562049062,106.0,94,3
SKU009,2025-11-10,2,66.26009766622268,67.0,62,3
SKU010,2025-11-10,2,107.3255207570207,113.0,105,3
SKU011,2025-11-10,2,18.231258200133198,16.0,25,3
SKU012,2025-11-10,2,158.66180357142863,179.0,163,3
SKU013,2025-11-10,2,81.39202251914753,96.0,89,3
SKU014,2025-11-10,2,133.47908635808636,124.0,130,3
SKU015,2025-11-10,2,18.68821973859475,19.0,24,3
SKU016,2025-11-10,2,100.02096277333774,104.0,95,3
SKU017,2025-11-10,2,91.31346481296475,86.0,88,3
SKU018,2025-11-10,2,150.32550664613169,150.0,142,3
SKU019,2025-11-10,2,100.99545153457653,112.0,112,3
SKU020,2025-11-10,2,96.44988249250753,87.0,92,3
SKU021,2025-11-10,2,61.45736190198691,63.0,45,3
SKU022,2025-11-10,2,67.43011778499276,69.0,78,3
SKU023,2025-11-10,2,94.99106222943726,94.0,88,3
SKU024,2025-11-10,2,94.52591955266955,72.0,82,3
SKU025,2025-11-10,2,17.23296538184038,17.0,18,3
SKU026,2025-11-10,2,148.50020481601726,156.0,130,3
SKU027,2025-11-10,2,140.83714430014427,153.0,149,3
SKU028,2025-11-10,2,32.47568759018758,33.0,40,3
SKU029,2025-11-10,2,102.12461706349205,110.0,98,3
SKU030,2025-11-10,2,31.59771001221,30.0,34,3
SKU031,2025-11-10,2,109.43512877400377,105.0,131,3
SKU032,2025-11-10,2,56.288998917748906,53.0,54,3
SKU033,2025-11-10,2,99.21711255411248,103.0,116,3
SKU034,2025-11-10,2,124.73747835497845,131.0,118,3
SKU035,2025-11-10,2,128.91283513708507,117.0,124,3
SKU036,2025-11-10,2,28.364631493506508,40.0,30,3
SKU037,2025-11-10,2,158.3875562770563,161.0,150,3
SKU038,2025-11-10,2,42.13649062049063,52.0,48,3
SKU039,2025-11-10,2,18.0469927988678,18.0,24,3
SKU040,2025-11-10,2,98.19144184981684,101.0,98,3
SKU041,2025-11-10,2,62.955733044733016,65.0,65,3
SKU042,2025-11-10,2,140.42902200577194,148.0,132,3
SKU043,2025-11-10,2,140.07012122599625,140.0,145,3
SKU044,2025-11-10,2,56.675034090909094,54.0,53,3
SKU045,2025-11-10,2,157.4539175685426,170.0,150,3
SKU046,2025-11-10,2,60.993512889887896,69.0,56,3
SKU047,2025-11-10,2,93.32864421689425,82.0,101,3
SKU048,2025-11-10,2,53.977126443001424,57.0,47,3
SKU049,2025-11-10,2,146.64573081085587,141.0,160,3
SKU050,2025-11-10,2,33.426533730158745,48.0,40,3
SKU001,2025-11-17,3,94.06022635697639,88.0,84,3
SKU002,2025-11-17,3,61.523161255411225,66.0,64,3
SKU003,2025-11-17,3,34.452436785436774,39.0,41,3
SKU004,2025-11-17,3,26.369156981907008,19.0,28,3
SKU005,2025-11-17,3,103.14075883838377,104.0,115,3
SKU006,2025-11-17,3,32.3402452131202,41.0,45,3
SKU007,2025-11-17,3,160.5645636724387,167.0,157,3
SKU008,2025-11-17,3,99.26282375957379,88.0,91,3
SKU009,2025-11-17,3,64.4817848124098,60.0,63,3
SKU010,2025-11-17,3,108.41789922577425,121.0,102,3
SKU011,2025-11-17,3,18.758716131091127,25.0,9,3
SKU012,2025-11-17,3,163.66406157731166,177.0,155,3
SKU013,2025-11-17,3,88.47924342324345,101.0,80,3
SKU014,2025-11-17,3,137.98952471139967,152.0,130,3
SKU015,2025-11-17,3,20.73663437950938,34.0,24,3
SKU016,2025-11-17,3,96.51373167110667,94.0,75,3
SKU017,2025-11-17,3,91.46278267565768,97.0,87,3
SKU018,2025-11-17,3,153.48142171717174,153.0,150,3
SKU019,2025-11-17,3,101.39607689532691,113.0,110,3
SKU020,2025-11-17,3,94.93759353146854,69.0,81,3
SKU021,2025-11-17,3,55.15173809523811,54.0,43,3
SKU022,2025-11-17,3,61.47305475080475,64.0,53,3
SKU023,2025-11-17,3,98.15953499278496,98.0,88,3
SKU024,2025-11-17,3,91.71867778055281,74.0,80,3
SKU025,2025-11-17,3,20.439371253746256,26.0,12,3
SKU026,2025-11-17,3,136.5026536796537,124.0,128,3
SKU027,2025-11-17,3,152.80225126262627,163.0,163,3
SKU028,2025-11-17,3,31.944466450216463,30.0,39,3
SKU029,2025-11-17,3,105.18728278665778,114.0,97,3
SKU030,2025-11-17,3,31.313844447219434,30.0,33,3
SKU031,2025-11-17,3,109.56628192640693,113.0,113,3
SKU032,2025-11-17,3,57.257801587301564,41.0,70,3
SKU033,2025-11-17,3,105.86328373015867,109.0,120,3
SKU034,2025-11-17,3,113.36671410533908,121.0,133,3
SKU035,2025-11-17,3,137.9890670995671,135.0,133,3
SKU036,2025-11-17,3,31.8269797979798,33.0,35,3
SKU037,2025-11-17,3,150.00317460317456,147.0,166,3
SKU038,2025-11-17,3,42.16092316017316,49.0,61,3
SKU039,2025-11-17,3,18.662623737373742,24.0,18,3
SKU040,2025-11-17,3,100.81488815351315,92.0,86,3
SKU041,2025-11-17,3,56.92717442279942,62.0,52,3
SKU042,2025-11-17,3,140.34440981240974,138.0,124,3
SKU043,2025-11-17,3,141.0394646464646,142.0,144,3
SKU044,2025-11-17,3,56.16253463203464,44.0,46,3
SKU045,2025-11-17,3,156.81470039682546,162.0,155,3
SKU046,2025-11-17,3,56.0165009018759,60.0,53,3
SKU047,2025-11-17,3,95.83107063769566,85.0,81,3
SKU048,2025-11-17,3,54.60638039738039,55.0,63,3
SKU049,2025-11-17,3,146.8133781912532,136.0,139,3
SKU050,2025-11-17,3,32.15136843711846,39.0,41,3
SKU001,2025-11-24,4,96.43080358530355,68.0,84,3
SKU002,2025-11-24,4,64.22507410644911,57.0,66,3
SKU003,2025-11-24,4,36.4969683094683,36.0,29,3
SKU004,2025-11-24,4,29.017138347763353,24.0,22,3
SKU005,2025-11-24,4,97.80454724442227,79.0,100,3
SKU006,2025-11-24,4,34.02917486679986,44.0,40,3
SKU007,2025-11-24,4,151.4708791070041,132.0,181,3
SKU008,2025-11-24,4,103.79373520923517,108.0,117,3
SKU009,2025-11-24,4,67.08358441558441,52.0,66,3
SKU010,2025-11-24,4,102.12830753968252,93.0,104,3
SKU011,2025-11-24,4,17.88721468808969,22.0,15,3
SKU012,2025-11-24,4,165.47124586524592,170.0,161,3
SKU013,2025-11-24,4,87.09433658008658,81.0,95,3
SKU014,2025-11-24,4,141.32564466089462,142.0,151,3
SKU015,2025-11-24,4,18.243400072150067,22.0,31,3
SKU016,2025-11-24,4,99.24692478354979,97.0,71,3
SKU017,2025-11-24,4,92.31081680819187,82.0,90,3
SKU018,2025-11-24,4,155.3912577145077,143.0,152,3
SKU019,2025-11-24,4,107.46139393939393,110.0,88,3
SKU020,2025-11-24,4,95.27595165945162,84.0,97,3
SKU021,2025-11-24,4,57.92613041125538,37.0,47,3
SKU022,2025-11-24,4,61.40166883116885,61.0,69,3
SKU023,2025-11-24,4,106.12749825174828,111.0,90,3
SKU024,2025-11-24,4,94.77343391330892,65.0,76,3
SKU025,2025-11-24,4,18.958416708291708,5.0,9,3
SKU026,2025-11-24,4,142.19048706848704,116.0,126,3
SKU027,2025-11-24,4,146.7852274531025,152.0,162,3
SKU028,2025-11-24,4,31.536207334332353,41.0,34,3
SKU029,2025-11-24,4,97.03428427128419,83.0,96,3
SKU030,2025-11-24,4,32.4587928044178,32.0,26,3
SKU031,2025-11-24,4,108.64013580863585,103.0,104,3
SKU032,2025-11-24,4,59.815557539682544,50.0,50,3
SKU033,2025-11-24,4,99.22125775613274,86.0,121,3
SKU034,2025-11-24,4,129.29285119047626,142.0,130,3
SKU035,2025-11-24,4,139.09857287157288,132.0,131,3
SKU036,2025-11-24,4,30.49350477300477,25.0,31,3
SKU037,2025-11-24,4,154.74197831335331,133.0,144,3
SKU038,2025-11-24,4,41.088419982794974,34.0,61,3
SKU039,2025-11-24,4,19.218567279942278,11.0,13,3
SKU040,2025-11-24,4,98.17650090187585,92.0,76,3
SKU041,2025-11-24,4,63.864691197691215,66.0,83,3
SKU042,2025-11-24,4,140.04292970917967,133.0,142,3
SKU043,2025-11-24,4,143.7570851093351,127.0,113,3
SKU044,2025-11-24,4,60.33701998001999,59.0,57,3
SKU045,2025-11-24,4,157.09337878787875,161.0,164,3
SKU046,2025-11-24,4,62.15115079365078,48.0,52,3
SKU047,2025-11-24,4,96.29961456598954,78.0,90,3
SKU048,2025-11-24,4,57.13300284437785,56.0,36,3
SKU049,2025-11-24,4,151.84470285270282,145.0,159,3
SKU050,2025-11-24,4,32.60620916583417,37.0,30,3
SKU001,2025-12-01,5,95.31081444943946,83.0,88,3
SKU002,2025-12-01,5,62.08595274170271,66.0,51,3
SKU003,2025-12-01,5,35.095057817182806,38.0,38,3
SKU004,2025-12-01,5,29.066289377289387,30.0,28,3
SKU005,2025-12-01,5,98.04570310245306,95.0,96,3
SKU006,2025-12-01,5,34.101785617160616,44.0,37,3
SKU007,2025-12-01,5,158.941832029082,148.0,145,3
SKU008,2025-12-01,5,104.19819949494946,109.0,97,3
SKU009,2025-12-01,5,68.3389163891664,55.0,77,3
SKU010,2025-12-01,5,102.18868367743369,99.0,126,3
SKU011,2025-12-01,5,18.92763446275946,25.0,17,3
SKU012,2025-12-01,5,157.05815483127984,147.0,167,3
SKU013,2025-12-01,5,91.55360861360863,95.0,78,3
SKU014,2025-12-01,5,138.0776955821956,128.0,124,3
SKU015,2025-12-01,5,20.224577602952603,29.0,22,3
SKU016,2025-12-01,5,97.38846241258747,83.0,77,3
SKU017,2025-12-01,5,95.93886285936287,81.0,105,3
SKU018,2025-12-01,5,164.80174765512268,182.0,158,3
SKU019,2025-12-01,5,109.3590822510822,120.0,103,3
SKU020,2025-12-01,5,94.08551039238532,88.0,85,3
SKU021,2025-12-01,5,55.74312026862026,55.0,52,3
SKU022,2025-12-01,5,57.13516089466089,62.0,70,3
SKU023,2025-12-01,5,107.65656986069486,104.0,97,3
SKU024,2025-12-01,5,96.34951165501165,76.0,93,3
SKU025,2025-12-01,5,18.661669594294594,22.0,18,3
SKU026,2025-12-01,5,155.2619384920635,162.0,157,3
SKU027,2025-12-01,5,150.80252096514596,153.0,153,3
SKU028,2025-12-01,5,31.177217712842726,36.0,40,3
SKU029,2025-12-01,5,105.95344119769115,110.0,87,3
SKU030,2025-12-01,5,32.697453699078686,30.0,25,3
SKU031,2025-12-01,5,109.7394128787879,114.0,96,3
SKU032,2025-12-01,5,58.21643376068377,54.0,60,3
SKU033,2025-12-01,5,102.58789339826835,107.0,117,3
SKU034,2025-12-01,5,122.41727636252635,128.0,147,3
SKU035,2025-12-01,5,139.63419083694083,135.0,128,3
SKU036,2025-12-01,5,30.65325477300476,26.0,27,3
SKU037,2025-12-01,5,163.22571825396827,171.0,155,3
SKU038,2025-12-01,5,43.498431679431675,55.0,39,3
SKU039,2025-12-01,5,18.39643327505828,14.0,23,3
SKU040,2025-12-01,5,100.00207016594513,97.0,103,3
SKU041,2025-12-01,5,65.4572323232323,75.0,78,3
SKU042,2025-12-01,5,149.1613962842712,159.0,156,3
SKU043,2025-12-01,5,144.15293020868017,147.0,127,3
SKU044,2025-12-01,5,55.744041444666436,50.0,52,3
SKU045,2025-12-01,5,156.1244276695527,151.0,166,3
SKU046,2025-12-01,5,55.819533508158486,51.0,56,3
SKU047,2025-12-01,5,95.81290956265958,78.0,108,3
SKU048,2025-12-01,5,53.9753217893218,50.0,57,3
SKU049,2025-12-01,5,152.86632951770451,149.0,167,3
SKU050,2025-12-01,5,33.34617334054833,33.0,40,3
SKU001,2025-12-08,6,97.91580266955266,94.0,89,3
SKU002,2025-12-08,6,64.63740989565991,57.0,55,3
SKU003,2025-12-08,6,35.293831071706066,23.0,33,3
SKU004,2025-12-08,6,29.97264327339328,33.0,39,3
SKU005,2025-12-08,6,102.36521842046841,107.0,103,3
SKU006,2025-12-08,6,32.305751623376615,34.0,41,3
SKU007,2025-12-08,6,153.0178825757576,137.0,154,3
SKU008,2025-12-08,6,102.27318975468968,104.0,112,3
SKU009,2025-12-08,6,68.44719438894437,71.0,82,3
SKU010,2025-12-08,6,106.44142592130092,106.0,108,3
SKU011,2025-12-08,6,17.99880745643246,15.0,23,3
SKU012,2025-12-08,6,165.60435590798093,184.0,155,3
SKU013,2025-12-08,6,91.02936645299147,94.0,107,3
SKU014,2025-12-08,6,140.10910124597623,135.0,137,3
SKU015,2025-12-08,6,18.94238374125875,21.0,31,3
SKU016,2025-12-08,6,96.07260013597512,71.0,78,3
SKU017,2025-12-08,6,92.93401676101675,88.0,96,3
SKU018,2025-12-08,6,156.2189850704851,150.0,162,3
SKU019,2025-12-08,6,102.31340007215013,97.0,96,3
SKU020,2025-12-08,6,93.95893614718608,80.0,82,3
SKU021,2025-12-08,6,60.393876942501954,63.0,59,3
SKU022,2025-12-08,6,67.75391910866908,70.0,60,3
SKU023,2025-12-08,6,99.8752628621379,80.0,98,3
SKU024,2025-12-08,6,97.28978750416249,101.0,72,3
SKU025,2025-12-08,6,19.593445068820067,24.0,13,3
SKU026,2025-12-08,6,148.71730595793093,148.0,128,3
SKU027,2025-12-08,6,149.85671396658893,154.0,161,3
SKU028,2025-12-08,6,32.88911011211013,48.0,25,3
SKU029,2025-12-08,6,97.93791522366523,95.0,115,3
SKU030,2025-12-08,6,30.153358599733608,38.0,35,3
SKU031,2025-12-08,6,111.72702072927078,107.0,104,3
SKU032,2025-12-08,6,57.513867063492064,58.0,56,3
SKU033,2025-12-08,6,106.63014664502168,127.0,109,3
SKU034,2025-12-08,6,133.20316612554114,137.0,118,3
SKU035,2025-12-08,6,140.70955898268397,133.0,128,3
SKU036,2025-12-08,6,31.79980927405929,36.0,31,3
SKU037,2025-12-08,6,165.9220160950161,173.0,133,3
SKU038,2025-12-08,6,45.30700417637919,56.0,49,3
SKU039,2025-12-08,6,18.651709790209797,17.0,15,3
SKU040,2025-12-08,6,97.77634505772005,90.0,101,3
SKU041,2025-12-08,6,61.29508279220779,54.0,66,3
SKU042,2025-12-08,6,149.0127828421578,132.0,125,3
SKU043,2025-12-08,6,148.4029803529803,133.0,142,3
SKU044,2025-12-08,6,58.50102182539684,54.0,57,3
SKU045,2025-12-08,6,156.22816089466093,149.0,152,3
SKU046,2025-12-08,6,62.29300487012987,63.0,66,3
SKU047,2025-12-08,6,95.61924235486735,85.0,86,3
SKU048,2025-12-08,6,54.51692676767677,55.0,55,3
SKU049,2025-12-08,6,153.40972025197024,150.0,171,3
SKU050,2025-12-08,6,32.36850335775337,37.0,34,3
SKU001,2025-12-15,7,95.10885082972581,77.0,91,3
SKU002,2025-12-15,7,62.7718399100899,59.0,55,3
SKU003,2025-12-15,7,35.93196138583639,48.0,23,3
SKU004,2025-12-15,7,27.406401237651238,27.0,38,3
SKU005,2025-12-15,7,101.9292034632035,110.0,100,3
SKU006,2025-12-15,7,33.90894182206682,44.0,41,3
SKU007,2025-12-15,7,160.21800310800305,167.0,149,3
SKU008,2025-12-15,7,97.22250721500721,82.0,100,3
SKU009,2025-12-15,7,67.45892073204573,76.0,69,3
SKU010,2025-12-15,7,107.8225341464092,109.0,102,3
SKU011,2025-12-15,7,18.404044455544454,20.0,18,3
SKU012,2025-12-15,7,162.83967021867022,161.0,171,3
SKU013,2025-12-15,7,92.51316426628928,84.0,96,3
SKU014,2025-12-15,7,143.53278757353755,141.0,116,3
SKU015,2025-12-15,7,19.45261746586747,26.0,21,3
SKU016,2025-12-15,7,96.62699335386834,82.0,74,3
SKU017,2025-12-15,7,94.01224722499727,80.0,81,3
SKU018,2025-12-15,7,167.9448991702742,172.0,160,3
SKU019,2025-12-15,7,107.33528517316017,106.0,107,3
SKU020,2025-12-15,7,92.63140577478075,81.0,74,3
SKU021,2025-12-15,7,54.760356920856914,50.0,47,3
SKU022,2025-12-15,7,60.15226042013544,46.0,62,3
SKU023,2025-12-15,7,98.10125763125762,90.0,96,3
SKU024,2025-12-15,7,95.54085063547568,75.0,85,3
SKU025,2025-12-15,7,19.013187673437677,22.0,14,3
SKU026,2025-12-15,7,149.6975321067821,131.0,156,3
SKU027,2025-12-15,7,151.8495353951604,133.0,182,3
SKU028,2025-12-15,7,33.02944795482298,45.0,22,3
SKU029,2025-12-15,7,104.02907303807301,109.0,104,3
SKU030,2025-12-15,7,31.159342421467432,32.0,26,3
SKU031,2025-12-15,7,111.02311921411923,106.0,132,3
SKU032,2025-12-15,7,58.19815995115996,59.0,68,3
SKU033,2025-12-15,7,106.23887752525258,120.0,116,3
SKU034,2025-12-15,7,127.58494638694633,114.0,119,3
SKU035,2025-12-15,7,144.04291738816735,134.0,127,3
SKU036,2025-12-15,7,31.860661075036074,25.0,36,3
SKU037,2025-12-15,7,170.45385461760466,177.0,139,3
SKU038,2025-12-15,7,41.45193130480632,45.0,49,3
SKU039,2025-12-15,7,19.218222041847042,13.0,12,3
SKU040,2025-12-15,7,99.54714267676765,99.0,93,3
SKU041,2025-12-15,7,65.69224025974026,79.0,71,3
SKU042,2025-12-15,7,145.7482427572427,122.0,173,3
SKU043,2025-12-15,7,151.02750867188365,133.0,132,3
SKU044,2025-12-15,7,56.44759501609502,52.0,61,3
SKU045,2025-12-15,7,156.29214033189024,159.0,123,3
SKU046,2025-12-15,7,57.15128296703297,59.0,57,3
SKU047,2025-12-15,7,96.41683877233872,92.0,100,3
SKU048,2025-12-15,7,54.081594516594514,41.0,58,3
SKU049,2025-12-15,7,160.66484487734485,161.0,147,3
SKU050,2025-12-15,7,33.30501984126984,32.0,34,3
SKU001,2025-12-22,8,103.78971807359305,105.0,76,3
SKU002,2025-12-22,8,65.13087201687199,65.0,51,3
SKU003,2025-12-22,8,35.59764276001775,30.0,34,3
SKU004,2025-12-22,8,30.92642297979798,28.0,30,3
SKU005,2025-12-22,8,103.83938329725827,106.0,108,3
SKU006,2025-12-22,8,34.3351883949384,48.0,43,3
SKU007,2025-12-22,8,155.86955357142858,147.0,161,3
SKU008,2025-12-22,8,99.62371625596624,97.0,105,3
SKU009,2025-12-22,8,68.81435975135975,68.0,77,3
SKU010,2025-12-22,8,108.88224464424468,109.0,102,3
SKU011,2025-12-22,8,17.927154304029308,17.0,22,3
SKU012,2025-12-22,8,163.06936899211897,161.0,150,3
SKU013,2025-12-22,8,93.74091343378845,83.0,71,3
SKU014,2025-12-22,8,148.8385601065601,135.0,122,3
SKU015,2025-12-22,8,21.214457292707294,32.0,27,3
SKU016,2025-12-22,8,97.28980486180488,75.0,104,3
SKU017,2025-12-22,8,94.89488293650793,94.0,98,3
SKU018,2025-12-22,8,154.15479387279385,154.0,161,3
SKU019,2025-12-22,8,103.05006385281389,86.0,104,3
SKU020,2025-12-22,8,93.64616179653675,87.0,99,3
SKU021,2025-12-22,8,58.472515873015865,54.0,50,3
SKU022,2025-12-22,8,60.71760062160067,59.0,84,3
SKU023,2025-12-22,8,100.73509132534134,99.0,99,3
SKU024,2025-12-22,8,95.79253180153178,71.0,71,3
SKU025,2025-12-22,8,18.066595460095456,16.0,16,3
SKU026,2025-12-22,8,152.87236746586746,145.0,135,3
SKU027,2025-12-22,8,166.92425674325682,172.0,144,3
SKU028,2025-12-22,8,31.081174603174627,37.0,31,3
SKU029,2025-12-22,8,100.55714646464644,96.0,97,3
SKU030,2025-12-22,8,31.066646658896666,27.0,28,3
SKU031,2025-12-22,8,111.92018270618273,108.0,97,3
SKU032,2025-12-22,8,63.399924603174604,64.0,51,3
SKU033,2025-12-22,8,109.26984415584417,108.0,96,3
SKU034,2025-12-22,8,133.87554595404595,127.0,124,3
SKU035,2025-12-22,8,144.79939520202018,126.0,148,3
SKU036,2025-12-22,8,31.06776670551671,37.0,30,3
SKU037,2025-12-22,8,153.47013145188149,137.0,161,3
SKU038,2025-12-22,8,43.765642135642175,45.0,56,3
SKU039,2025-12-22,8,19.22484108946609,16.0,21,3
SKU040,2025-12-22,8,102.92094191919192,103.0,76,3
SKU041,2025-12-22,8,66.07503787878787,80.0,70,3
SKU042,2025-12-22,8,152.30639084526575,158.0,148,3
SKU043,2025-12-22,8,150.57493034743035,131.0,126,3
SKU044,2025-12-22,8,60.77221428571427,60.0,61,3
SKU045,2025-12-22,8,166.38752041014538,190.0,157,3
SKU046,2025-12-22,8,67.3917527056277,66.0,58,3
SKU047,2025-12-22,8,96.92765009990009,82.0,88,3
SKU048,2025-12-22,8,57.17908351370851,62.0,40,3
SKU049,2025-12-22,8,155.94859837384837,135.0,166,3
SKU050,2025-12-22,8,34.49192063492065,54.0,49,3
