SKU,Date,horizon_week,forecast_units,baseline_units,method
SKU001,2025-12-29,1,90.46054166666664,78.0,Random Forest
SKU002,2025-12-29,1,61.51747438672437,70.0,Random Forest
SKU003,2025-12-29,1,33.10354624542125,32.0,Random Forest
SKU004,2025-12-29,1,31.971628607503593,37.0,Random Forest
SKU005,2025-12-29,1,106.54605140692644,111.0,Random Forest
SKU006,2025-12-29,1,42.86427583527582,45.0,Random Forest
SKU007,2025-12-29,1,165.77037608225112,175.0,Random Forest
SKU008,2025-12-29,1,106.92264141414138,103.0,Random Forest
SKU009,2025-12-29,1,81.79716172716168,66.0,Random Forest
SKU010,2025-12-29,1,105.39138601676103,116.0,Random Forest
SKU011,2025-12-29,1,18.482289973914973,17.0,Random Forest
SKU012,2025-12-29,1,161.2354097014097,161.0,Random Forest
SKU013,2025-12-29,1,89.31938059163062,82.0,Random Forest
SKU014,2025-12-29,1,128.5353881673881,131.0,Random Forest
SKU015,2025-12-29,1,27.30626461038962,31.0,Random Forest
SKU016,2025-12-29,1,88.60623001997998,92.0,Random Forest
SKU017,2025-12-29,1,96.09924776612273,85.0,Random Forest
SKU018,2025-12-29,1,169.70287103174599,181.0,Random Forest
SKU019,2025-12-29,1,103.82585984848481,100.0,Random Forest
SKU020,2025-12-29,1,89.21424476911976,93.0,Random Forest
SKU021,2025-12-29,1,51.13531854256854,48.0,Random Forest
SKU022,2025-12-29,1,73.94757088744592,77.0,Random Forest
SKU023,2025-12-29,1,108.58155894105894,117.0,Random Forest
SKU024,2025-12-29,1,90.74171338383836,101.0,Random Forest
SKU025,2025-12-29,1,16.3851457986458,15.0,Random Forest
SKU026,2025-12-29,1,154.84546041458546,147.0,Random Forest
SKU027,2025-12-29,1,165.2978906926407,185.0,Random Forest
SKU028,2025-12-29,1,33.14130015817516,47.0,Random Forest
SKU029,2025-12-29,1,106.8545308441558,114.0,Random Forest
SKU030,2025-12-29,1,27.117575396825416,21.0,Random Forest
SKU031,2025-12-29,1,120.88807499444994,138.0,Random Forest
SKU032,2025-12-29,1,59.62108408258409,57.0,Random Forest
SKU033,2025-12-29,1,104.68394626207126,103.0,Random Forest
SKU034,2025-12-29,1,129.69364502164498,129.0,Random Forest
SKU035,2025-12-29,1,135.15513077200575,139.0,Random Forest
SKU036,2025-12-29,1,30.503118686868707,22.0,Random Forest
SKU037,2025-12-29,1,155.1122132728383,159.0,Random Forest
SKU038,2025-12-29,1,53.80480831668333,57.0,Random Forest
SKU039,2025-12-29,1,17.261412518037517,13.0,Random Forest
SKU040,2025-12-29,1,95.40267200854693,101.0,Random Forest
SKU041,2025-12-29,1,73.02128282828284,74.0,Random Forest
SKU042,2025-12-29,1,156.7428124098125,157.0,Random Forest
SKU043,2025-12-29,1,152.85132341269838,169.0,Random Forest
SKU044,2025-12-29,1,59.821972388722415,63.0,Random Forest
SKU045,2025-12-29,1,157.46958270895777,162.0,Random Forest
SKU046,2025-12-29,1,61.597188561438564,56.0,Random Forest
SKU047,2025-12-29,1,103.56843752081251,114.0,Random Forest
SKU048,2025-12-29,1,53.84453531191032,52.0,Random Forest
SKU049,2025-12-29,1,164.5038398268399,198.0,Random Forest
SKU050,2025-12-29,1,38.07311309523807,47.0,Random Forest
SKU001,2026-01-05,2,90.04752723665227,100.0,Random Forest
SKU002,2026-01-05,2,57.14400356587858,63.0,Random Forest
SKU003,2026-01-05,2,32.456550768675775,34.0,Random Forest
SKU004,2026-01-05,2,33.15530562493061,35.0,Random Forest
SKU005,2026-01-05,2,105.85230212842714,97.0,Random Forest
SKU006,2026-01-05,2,46.25056605894107,50.0,Random Forest
SKU007,2026-01-05,2,171.21128860028853,171.0,Random Forest
SKU008,2026-01-05,2,116.63513041125549,105.0,Random Forest
SKU009,2026-01-05,2,84.2045595238095,55.0,Random Forest
SKU010,2026-01-05,2,109.59194676850922,118.0,Random Forest
SKU011,2026-01-05,2,18.30495436507937,21.0,Random Forest
SKU012,2026-01-05,2,173.9468782467533,180.0,Random Forest
SKU013,2026-01-05,2,97.27604935342431,93.0,Random Forest
SKU014,2026-01-05,2,130.96546248196242,131.0,Random Forest
SKU015,2026-01-05,2,28.282294857919855,25.0,Random Forest
SKU016,2026-01-05,2,89.68691742979242,97.0,Random Forest
SKU017,2026-01-05,2,96.15593256743256,97.0,Random Forest
SKU018,2026-01-05,2,171.32395923520926,172.0,Random Forest
SKU019,2026-01-05,2,111.54545948495941,114.0,Random Forest
SKU020,2026-01-05,2,87.01051136363633,83.0,Random Forest
SKU021,2026-01-05,2,54.74545730658234,63.0,Random Forest
SKU022,2026-01-05,2,76.71973611111112,77.0,Random Forest
SKU023,2026-01-05,2,110.78207142857138,114.0,Random Forest
SKU024,2026-01-05,2,82.92812096237095,77.0,Random Forest
SKU025,2026-01-05,2,19.523655483405477,21.0,Random Forest
SKU026,2026-01-05,2,156.31659505771995,165.0,Random Forest
SKU027,2026-01-05,2,170.18624132811638,167.0,Random Forest
SKU028,2026-01-05,2,30.291196248196243,41.0,Random Forest
SKU029,2026-01-05,2,113.12328120490619,110.0,Random Forest
SKU030,2026-01-05,2,32.24208928571428,31.0,Random Forest
SKU031,2026-01-05,2,131.17444895382397,145.0,Random Forest
SKU032,2026-01-05,2,57.34098343323344,54.0,Random Forest
SKU033,2026-01-05,2,117.53685855810852,123.0,Random Forest
SKU034,2026-01-05,2,128.64053318903314,128.0,Random Forest
SKU035,2026-01-05,2,140.91020490620485,149.0,Random Forest
SKU036,2026-01-05,2,31.64868686868687,32.0,Random Forest
SKU037,2026-01-05,2,153.6890959595959,156.0,Random Forest
SKU038,2026-01-05,2,51.82136093073596,48.0,Random Forest
SKU039,2026-01-05,2,22.180764790764794,25.0,Random Forest
SKU040,2026-01-05,2,99.791818001443,115.0,Random Forest
SKU041,2026-01-05,2,76.40790710678212,98.0,Random Forest
SKU042,2026-01-05,2,151.61054148629148,137.0,Random Forest
SKU043,2026-01-05,2,155.0342121212121,166.0,Random Forest
SKU044,2026-01-05,2,72.67596915584414,76.0,Random Forest
SKU045,2026-01-05,2,161.3919090909091,169.0,Random Forest
SKU046,2026-01-05,2,71.02133207070706,72.0,Random Forest
SKU047,2026-01-05,2,101.92428517316017,110.0,Random Forest
SKU048,2026-01-05,2,52.46818764568765,57.0,Random Forest
SKU049,2026-01-05,2,176.6953953823953,177.0,Random Forest
SKU050,2026-01-05,2,34.771767857142834,40.0,Random Forest
SKU001,2026-01-12,3,89.3722530663781,89.0,Random Forest
SKU002,2026-01-12,3,63.84884748584749,67.0,Random Forest
SKU003,2026-01-12,3,30.473799422799434,41.0,Random Forest
SKU004,2026-01-12,3,33.76807672882673,24.0,Random Forest
SKU005,2026-01-12,3,114.08312502775001,133.0,Random Forest
SKU006,2026-01-12,3,44.531598498723504,46.0,Random Forest
SKU007,2026-01-12,3,156.28132957320457,156.0,Random Forest
SKU008,2026-01-12,3,117.97743256743253,111.0,Random Forest
SKU009,2026-01-12,3,86.96418445443437,70.0,Random Forest
SKU010,2026-01-12,3,111.61788868770114,113.0,Random Forest
SKU011,2026-01-12,3,19.930528860028858,19.0,Random Forest
SKU012,2026-01-12,3,168.92321645021653,194.0,Random Forest
SKU013,2026-01-12,3,90.57427236652232,98.0,Random Forest
SKU014,2026-01-12,3,136.7502869769119,144.0,Random Forest
SKU015,2026-01-12,3,26.412542207792214,27.0,Random Forest
SKU016,2026-01-12,3,88.31290191752686,76.0,Random Forest
SKU017,2026-01-12,3,93.95507521645021,106.0,Random Forest
SKU018,2026-01-12,3,165.78083857808863,164.0,Random Forest
SKU019,2026-01-12,3,117.101172979798,113.0,Random Forest
SKU020,2026-01-12,3,88.61452182539676,95.0,Random Forest
SKU021,2026-01-12,3,51.10025523088027,60.0,Random Forest
SKU022,2026-01-12,3,75.51353823953824,69.0,Random Forest
SKU023,2026-01-12,3,103.21604022366526,92.0,Random Forest
SKU024,2026-01-12,3,84.21038906926402,73.0,Random Forest
SKU025,2026-01-12,3,19.501708874458867,12.0,Random Forest
SKU026,2026-01-12,3,159.2250793650794,136.0,Random Forest
SKU027,2026-01-12,3,168.57037762237763,190.0,Random Forest
SKU028,2026-01-12,3,30.648002164502156,43.0,Random Forest
SKU029,2026-01-12,3,113.34168358030858,124.0,Random Forest
SKU030,2026-01-12,3,29.518324675324678,34.0,Random Forest
SKU031,2026-01-12,3,131.26212892662895,132.0,Random Forest
SKU032,2026-01-12,3,66.37377415639914,67.0,Random Forest
SKU033,2026-01-12,3,125.02687409812408,138.0,Random Forest
SKU034,2026-01-12,3,132.90902687590184,134.0,Random Forest
SKU035,2026-01-12,3,137.44171338383836,122.0,Random Forest
SKU036,2026-01-12,3,31.84990717615717,36.0,Random Forest
SKU037,2026-01-12,3,155.08159794372293,158.0,Random Forest
SKU038,2026-01-12,3,52.60218308080809,48.0,Random Forest
SKU039,2026-01-12,3,22.02026803751804,25.0,Random Forest
SKU040,2026-01-12,3,99.84713071650573,112.0,Random Forest
SKU041,2026-01-12,3,74.22959559884562,74.0,Random Forest
SKU042,2026-01-12,3,160.41121990509492,155.0,Random Forest
SKU043,2026-01-12,3,150.8222009379509,157.0,Random Forest
SKU044,2026-01-12,3,72.72799621212118,81.0,Random Forest
SKU045,2026-01-12,3,152.1080084776334,145.0,Random Forest
SKU046,2026-01-12,3,64.06337968975471,66.0,Random Forest
SKU047,2026-01-12,3,98.4906303418804,84.0,Random Forest
SKU048,2026-01-12,3,52.012335067710076,61.0,Random Forest
SKU049,2026-01-12,3,171.81980050505047,183.0,Random Forest
SKU050,2026-01-12,3,34.97328769841269,40.0,Random Forest
SKU001,2026-01-19,4,88.05926551226554,103.0,Random Forest
SKU002,2026-01-19,4,61.790436965811956,66.0,Random Forest
SKU003,2026-01-19,4,34.834651307026306,23.0,Random Forest
SKU004,2026-01-19,4,31.876573676323666,38.0,Random Forest
SKU005,2026-01-19,4,112.88105254467757,110.0,Random Forest
SKU006,2026-01-19,4,48.55187558275058,51.0,Random Forest
SKU007,2026-01-19,4,172.79153216228212,179.0,Random Forest
SKU008,2026-01-19,4,116.47829824342327,106.0,Random Forest
SKU009,2026-01-19,4,83.23501670551668,71.0,Random Forest
SKU010,2026-01-19,4,112.18150536963041,118.0,Random Forest
SKU011,2026-01-19,4,19.733829004329017,24.0,Random Forest
SKU012,2026-01-19,4,168.66706439393948,191.0,Random Forest
SKU013,2026-01-19,4,89.16950906038403,87.0,Random Forest
SKU014,2026-01-19,4,153.47253373015872,181.0,Random Forest
SKU015,2026-01-19,4,29.657478715728708,32.0,Random Forest
SKU016,2026-01-19,4,98.31572294372295,100.0,Random Forest
SKU017,2026-01-19,4,96.7512465173715,89.0,Random Forest
SKU018,2026-01-19,4,168.9346461732712,163.0,Random Forest
SKU019,2026-01-19,4,115.29891813741813,115.0,Random Forest
SKU020,2026-01-19,4,98.33403932178933,100.0,Random Forest
SKU021,2026-01-19,4,50.70980393217895,57.0,Random Forest
SKU022,2026-01-19,4,82.48892189754692,79.0,Random Forest
SKU023,2026-01-19,4,101.86018183899434,83.0,Random Forest
SKU024,2026-01-19,4,83.050765012765,80.0,Random Forest
SKU025,2026-01-19,4,19.90535317460317,21.0,Random Forest
SKU026,2026-01-19,4,157.9460663780663,165.0,Random Forest
SKU027,2026-01-19,4,175.70462400099896,179.0,Random Forest
SKU028,2026-01-19,4,32.9029952131202,42.0,Random Forest
SKU029,2026-01-19,4,108.11580873293373,91.0,Random Forest
SKU030,2026-01-19,4,32.43326436063937,36.0,Random Forest
SKU031,2026-01-19,4,137.10825992063482,140.0,Random Forest
SKU032,2026-01-19,4,58.47823151848152,64.0,Random Forest
SKU033,2026-01-19,4,117.04509688922188,129.0,Random Forest
SKU034,2026-01-19,4,139.32521861471855,148.0,Random Forest
SKU035,2026-01-19,4,148.5682956349206,148.0,Random Forest
SKU036,2026-01-19,4,32.568092074592066,38.0,Random Forest
SKU037,2026-01-19,4,161.03418581418586,163.0,Random Forest
SKU038,2026-01-19,4,53.18287481962482,42.0,Random Forest
SKU039,2026-01-19,4,20.453807720057718,24.0,Random Forest
SKU040,2026-01-19,4,90.5940965423465,101.0,Random Forest
SKU041,2026-01-19,4,74.18058351370853,72.0,Random Forest
SKU042,2026-01-19,4,160.92102068764572,149.0,Random Forest
SKU043,2026-01-19,4,149.45091161616153,155.0,Random Forest
SKU044,2026-01-19,4,72.4901506132756,71.0,Random Forest
SKU045,2026-01-19,4,169.55492045454554,184.0,Random Forest
SKU046,2026-01-19,4,62.97698827561327,60.0,Random Forest
SKU047,2026-01-19,4,100.20563358863356,90.0,Random Forest
SKU048,2026-01-19,4,57.932191017316036,71.0,Random Forest
SKU049,2026-01-19,4,163.17153678266175,154.0,Random Forest
SKU050,2026-01-19,4,36.13228814241314,45.0,Random Forest
SKU001,2026-01-26,5,93.22371085858587,100.0,Random Forest
SKU002,2026-01-26,5,72.3785506854257,85.0,Random Forest
SKU003,2026-01-26,5,35.66133651071153,40.0,Random Forest
SKU004,2026-01-26,5,33.99790631590633,34.0,Random Forest
SKU005,2026-01-26,5,114.1726573426574,107.0,Random Forest
SKU006,2026-01-26,5,48.069738317238304,47.0,Random Forest
SKU007,2026-01-26,5,176.6417831890332,178.0,Random Forest
SKU008,2026-01-26,5,114.35054602342103,121.0,Random Forest
SKU009,2026-01-26,5,85.37720627983126,69.0,Random Forest
SKU010,2026-01-26,5,108.57355753968255,97.0,Random Forest
SKU011,2026-01-26,5,19.076290404040403,13.0,Random Forest
SKU012,2026-01-26,5,177.20120741758248,172.0,Random Forest
SKU013,2026-01-26,5,96.60453066378068,91.0,Random Forest
SKU014,2026-01-26,5,137.63714880952375,126.0,Random Forest
SKU015,2026-01-26,5,31.635924603174598,29.0,Random Forest
SKU016,2026-01-26,5,96.0514634254634,95.0,Random Forest
SKU017,2026-01-26,5,96.33995286657785,89.0,Random Forest
SKU018,2026-01-26,5,176.66353459040963,178.0,Random Forest
SKU019,2026-01-26,5,111.64931841769338,109.0,Random Forest
SKU020,2026-01-26,5,89.3964537684538,79.0,Random Forest
SKU021,2026-01-26,5,58.171843434343444,73.0,Random Forest
SKU022,2026-01-26,5,83.4361038267288,75.0,Random Forest
SKU023,2026-01-26,5,112.96189366883122,106.0,Random Forest
SKU024,2026-01-26,5,89.98180198967698,88.0,Random Forest
SKU025,2026-01-26,5,19.700915404040398,17.0,Random Forest
SKU026,2026-01-26,5,161.65441486291496,161.0,Random Forest
SKU027,2026-01-26,5,168.8128540626041,160.0,Random Forest
SKU028,2026-01-26,5,34.48861724386723,38.0,Random Forest
SKU029,2026-01-26,5,113.60751592851597,111.0,Random Forest
SKU030,2026-01-26,5,32.28604022366523,26.0,Random Forest
SKU031,2026-01-26,5,135.16110912698406,131.0,Random Forest
SKU032,2026-01-26,5,61.80983295870796,63.0,Random Forest
SKU033,2026-01-26,5,126.59258062770563,139.0,Random Forest
SKU034,2026-01-26,5,139.58833892496384,142.0,Random Forest
SKU035,2026-01-26,5,143.7881545815295,140.0,Random Forest
SKU036,2026-01-26,5,33.96888005050506,39.0,Random Forest
SKU037,2026-01-26,5,162.71544137806643,167.0,Random Forest
SKU038,2026-01-26,5,52.66321717171716,46.0,Random Forest
SKU039,2026-01-26,5,22.90434559884561,25.0,Random Forest
SKU040,2026-01-26,5,103.51187823287826,110.0,Random Forest
SKU041,2026-01-26,5,78.12378336940837,80.0,Random Forest
SKU042,2026-01-26,5,163.71787649850157,162.0,Random Forest
SKU043,2026-01-26,5,161.76396230158727,161.0,Random Forest
SKU044,2026-01-26,5,70.61194137806636,67.0,Random Forest
SKU045,2026-01-26,5,171.65597601010109,184.0,Random Forest
SKU046,2026-01-26,5,66.60125937950936,66.0,Random Forest
SKU047,2026-01-26,5,103.04272204184704,99.0,Random Forest
SKU048,2026-01-26,5,57.287528998778996,63.0,Random Forest
SKU049,2026-01-26,5,161.01975732600738,160.0,Random Forest
SKU050,2026-01-26,5,35.06062427849928,36.0,Random Forest
SKU001,2026-02-02,6,93.08467063492067,106.0,Random Forest
SKU002,2026-02-02,6,70.50427218614716,71.0,Random Forest
SKU003,2026-02-02,6,37.48755620768122,34.0,Random Forest
SKU004,2026-02-02,6,34.85975840825841,32.0,Random Forest
SKU005,2026-02-02,6,113.60394949494952,123.0,Random Forest
SKU006,2026-02-02,6,49.29165782828286,46.0,Random Forest
SKU007,2026-02-02,6,178.0708319180818,179.0,Random Forest
SKU008,2026-02-02,6,121.319698953824,134.0,Random Forest
SKU009,2026-02-02,6,89.07361872849373,86.0,Random Forest
SKU010,2026-02-02,6,112.50705742868244,124.0,Random Forest
SKU011,2026-02-02,6,19.6598143939394,16.0,Random Forest
SKU012,2026-02-02,6,188.47619624819617,195.0,Random Forest
SKU013,2026-02-02,6,100.58841354478852,97.0,Random Forest
SKU014,2026-02-02,6,158.60182774170275,167.0,Random Forest
SKU015,2026-02-02,6,32.3191785853036,31.0,Random Forest
SKU016,2026-02-02,6,102.74541269841274,112.0,Random Forest
SKU017,2026-02-02,6,102.50661549561549,112.0,Random Forest
SKU018,2026-02-02,6,178.4435501720501,175.0,Random Forest
SKU019,2026-02-02,6,107.80187493062498,95.0,Random Forest
SKU020,2026-02-02,6,94.87882052669556,93.0,Random Forest
SKU021,2026-02-02,6,56.33954172216674,63.0,Random Forest
SKU022,2026-02-02,6,83.48679195804193,75.0,Random Forest
SKU023,2026-02-02,6,112.04993795093799,98.0,Random Forest
SKU024,2026-02-02,6,88.32656660006654,84.0,Random Forest
SKU025,2026-02-02,6,21.161480616605623,28.0,Random Forest
SKU026,2026-02-02,6,168.25557196969692,170.0,Random Forest
SKU027,2026-02-02,6,186.856623015873,197.0,Random Forest
SKU028,2026-02-02,6,36.4872317821068,44.0,Random Forest
SKU029,2026-02-02,6,111.44217460317462,105.0,Random Forest
SKU030,2026-02-02,6,35.129561688311696,41.0,Random Forest
SKU031,2026-02-02,6,144.87695851370847,152.0,Random Forest
SKU032,2026-02-02,6,70.85500414862913,74.0,Random Forest
SKU033,2026-02-02,6,134.16287175324675,146.0,Random Forest
SKU034,2026-02-02,6,140.93723575036074,145.0,Random Forest
SKU035,2026-02-02,6,166.76211592818942,179.0,Random Forest
SKU036,2026-02-02,6,36.199468725718724,39.0,Random Forest
SKU037,2026-02-02,6,175.992837024087,181.0,Random Forest
SKU038,2026-02-02,6,51.76145436507937,47.0,Random Forest
SKU039,2026-02-02,6,22.555639971139982,26.0,Random Forest
SKU040,2026-02-02,6,102.6242005772006,102.0,Random Forest
SKU041,2026-02-02,6,80.54870479520477,77.0,Random Forest
SKU042,2026-02-02,6,163.79493957431458,151.0,Random Forest
SKU043,2026-02-02,6,174.2795681818182,191.0,Random Forest
SKU044,2026-02-02,6,72.2407685786436,69.0,Random Forest
SKU045,2026-02-02,6,176.85458248695747,179.0,Random Forest
SKU046,2026-02-02,6,71.19133639971142,76.0,Random Forest
SKU047,2026-02-02,6,106.05724296536795,108.0,Random Forest
SKU048,2026-02-02,6,52.8403704906205,53.0,Random Forest
SKU049,2026-02-02,6,187.0551493506494,199.0,Random Forest
SKU050,2026-02-02,6,35.24001562326564,41.0,Random Forest
SKU001,2026-02-09,7,101.22181980519481,124.0,Random Forest
SKU002,2026-02-09,7,74.22457774170273,79.0,Random Forest
SKU003,2026-02-09,7,39.03613701576205,47.0,Random Forest
SKU004,2026-02-09,7,34.44583939671438,37.0,Random Forest
SKU005,2026-02-09,7,122.9089742063493,132.0,Random Forest
SKU006,2026-02-09,7,49.73585569985572,45.0,Random Forest
SKU007,2026-02-09,7,175.4603182928183,171.0,Random Forest
SKU008,2026-02-09,7,121.07674804362303,122.0,Random Forest
SKU009,2026-02-09,7,87.16616666666665,74.0,Random Forest
SKU010,2026-02-09,7,114.89313582251087,128.0,Random Forest
SKU011,2026-02-09,7,18.846083152958162,16.0,Random Forest
SKU012,2026-02-09,7,193.00739393939386,203.0,Random Forest
SKU013,2026-02-09,7,96.20499561549559,97.0,Random Forest
SKU014,2026-02-09,7,170.19239898989898,188.0,Random Forest
SKU015,2026-02-09,7,31.088528790653786,37.0,Random Forest
SKU016,2026-02-09,7,95.86061133311138,93.0,Random Forest
SKU017,2026-02-09,7,102.55720183982679,97.0,Random Forest
SKU018,2026-02-09,7,184.5810273892773,186.0,Random Forest
SKU019,2026-02-09,7,113.84027272033524,111.0,Random Forest
SKU020,2026-02-09,7,95.14029413641913,105.0,Random Forest
SKU021,2026-02-09,7,63.55227182539677,73.0,Random Forest
SKU022,2026-02-09,7,85.51154992229989,86.0,Random Forest
SKU023,2026-02-09,7,116.13229563492068,113.0,Random Forest
SKU024,2026-02-09,7,88.10820548895545,95.0,Random Forest
SKU025,2026-02-09,7,17.906404581529582,16.0,Random Forest
SKU026,2026-02-09,7,166.6251522366523,166.0,Random Forest
SKU027,2026-02-09,7,190.74311544011536,187.0,Random Forest
SKU028,2026-02-09,7,35.73868860306361,37.0,Random Forest
SKU029,2026-02-09,7,114.8441363636364,127.0,Random Forest
SKU030,2026-02-09,7,35.21896743534245,31.0,Random Forest
SKU031,2026-02-09,7,155.62090873015862,163.0,Random Forest
SKU032,2026-02-09,7,67.14449801587298,63.0,Random Forest
SKU033,2026-02-09,7,133.20369823232318,127.0,Random Forest
SKU034,2026-02-09,7,151.49048208980562,160.0,Random Forest
SKU035,2026-02-09,7,172.03296951659453,184.0,Random Forest
SKU036,2026-02-09,7,34.89902247752247,30.0,Random Forest
SKU037,2026-02-09,7,171.10926547064045,165.0,Random Forest
SKU038,2026-02-09,7,51.84977272727273,55.0,Random Forest
SKU039,2026-02-09,7,22.78782467532468,29.0,Random Forest
SKU040,2026-02-09,7,110.5995978327228,125.0,Random Forest
SKU041,2026-02-09,7,84.44061843711842,76.0,Random Forest
SKU042,2026-02-09,7,178.6835645326895,179.0,Random Forest
SKU043,2026-02-09,7,168.4804561410812,168.0,Random Forest
SKU044,2026-02-09,7,69.61619751082252,66.0,Random Forest
SKU045,2026-02-09,7,181.96236507936504,202.0,Random Forest
SKU046,2026-02-09,7,68.8152608225108,64.0,Random Forest
SKU047,2026-02-09,7,107.33002453102452,104.0,Random Forest
SKU048,2026-02-09,7,53.07319534632032,44.0,Random Forest
SKU049,2026-02-09,7,180.15831800144286,182.0,Random Forest
SKU050,2026-02-09,7,39.87863669663668,51.0,Random Forest
SKU001,2026-02-16,8,103.08452976190476,116.0,Random Forest
SKU002,2026-02-16,8,79.9731093073593,82.0,Random Forest
SKU003,2026-02-16,8,40.406191197691214,45.0,Random Forest
SKU004,2026-02-16,8,35.183708333333335,33.0,Random Forest
SKU005,2026-02-16,8,126.94956944444455,139.0,Random Forest
SKU006,2026-02-16,8,51.257225288600324,51.0,Random Forest
SKU007,2026-02-16,8,175.0197094710845,171.0,Random Forest
SKU008,2026-02-16,8,120.18808516483519,112.0,Random Forest
SKU009,2026-02-16,8,86.69792331279832,75.0,Random Forest
SKU010,2026-02-16,8,113.93974062049065,128.0,Random Forest
SKU011,2026-02-16,8,19.100106962481973,23.0,Random Forest
SKU012,2026-02-16,8,200.054369047619,214.0,Random Forest
SKU013,2026-02-16,8,96.400664002664,100.0,Random Forest
SKU014,2026-02-16,8,160.05406313131306,155.0,Random Forest
SKU015,2026-02-16,8,34.63090116827618,30.0,Random Forest
SKU016,2026-02-16,8,101.48121434121438,97.0,Random Forest
SKU017,2026-02-16,8,106.45478395215896,107.0,Random Forest
SKU018,2026-02-16,8,195.83261920024418,194.0,Random Forest
SKU019,2026-02-16,8,126.68032936507942,132.0,Random Forest
SKU020,2026-02-16,8,97.22147240259739,97.0,Random Forest
SKU021,2026-02-16,8,56.22247462259964,63.0,Random Forest
SKU022,2026-02-16,8,87.6670156926407,88.0,Random Forest
SKU023,2026-02-16,8,117.3297921384171,115.0,Random Forest
SKU024,2026-02-16,8,89.6341813186813,91.0,Random Forest
SKU025,2026-02-16,8,19.213250000000002,17.0,Random Forest
SKU026,2026-02-16,8,178.61412036574538,177.0,Random Forest
SKU027,2026-02-16,8,170.55529779942285,156.0,Random Forest
SKU028,2026-02-16,8,36.47382251082251,32.0,Random Forest
SKU029,2026-02-16,8,114.86060019147519,118.0,Random Forest
SKU030,2026-02-16,8,38.08957313519814,39.0,Random Forest
SKU031,2026-02-16,8,145.67292213342208,130.0,Random Forest
SKU032,2026-02-16,8,73.06071392496396,80.0,Random Forest
SKU033,2026-02-16,8,134.02976190476187,129.0,Random Forest
SKU034,2026-02-16,8,163.67678318903313,163.0,Random Forest
SKU035,2026-02-16,8,166.71735035797533,165.0,Random Forest
SKU036,2026-02-16,8,36.449197691197696,40.0,Random Forest
SKU037,2026-02-16,8,176.47600717338213,181.0,Random Forest
SKU038,2026-02-16,8,52.914209110334134,61.0,Random Forest
SKU039,2026-02-16,8,20.746354437229442,18.0,Random Forest
SKU040,2026-02-16,8,113.77488528138532,111.0,Random Forest
SKU041,2026-02-16,8,89.40085588023085,96.0,Random Forest
SKU042,2026-02-16,8,172.96667769730269,165.0,Random Forest
SKU043,2026-02-16,8,156.7305666000666,153.0,Random Forest
SKU044,2026-02-16,8,69.12517730880231,67.0,Random Forest
SKU045,2026-02-16,8,194.15397384559873,202.0,Random Forest
SKU046,2026-02-16,8,70.16982467532463,70.0,Random Forest
SKU047,2026-02-16,8,109.9714553571429,105.0,Random Forest
SKU048,2026-02-16,8,53.04958194583195,59.0,Random Forest
SKU049,2026-02-16,8,185.59588997113988,184.0,Random Forest
SKU050,2026-02-16,8,39.622107864357844,44.0,Random Forest
