Snapshot_Date,SKU,Current_Stock,On_Order,Lead_Time_Days,Safety_Stock,Reorder_Point,Inventory_Value,Product_Name,Category,Subcategory,Launch_Date,Cost_Price,Selling_Price,Gross_Margin_Per_Unit,forecast_8week_units,forecast_weekly_units,Date,snapshot_gap_days,lead_time_demand,inventory_position,forecast_reorder_point,recommended_order_units,excess_units,stockout_risk,overstock_risk,action,potential_lost_revenue,excess_capital_tied_up,stockout_score,overstock_score,weeks_of_cover
2025-12-01,SKU012,47,60,12,16,58,67949.78,Product 012,Home Decor,Table,2024-12-09,1256.89,8779.37,7522.48,1431.5117354451106,178.93896693063883,2025-12-29,28,285.48317987766205,107,301.48317987766205,195,0.0,True,False,Reorder Now,1566969.87492255,0.0,2.817599811940767,0.03246951223200099,0.262659390551966
2025-12-01,SKU031,93,40,13,28,113,234857.55,Product 031,Furniture,Chair,2023-05-11,6300.65,8715.93,2415.28,1101.7648112998108,137.72060141247636,2025-12-29,28,233.32331695487048,133,261.3233169548705,129,0.0,True,False,Reorder Now,874411.0079464642,0.0,1.9648369695854926,0.08231801793596505,0.6752802343743974
2025-12-01,SKU017,95,26,12,108,274,636809.7,Product 017,Home Decor,Cabinet,2023-07-19,6703.26,8477.32,1774.06,790.8200562215561,98.85250702769451,2025-12-29,28,164.78205674286028,121,272.7820567428603,152,0.0,True,False,Reorder Now,371154.5052673843,0.0,2.2543971631641346,0.10569412569559175,0.9610277256133201
2025-12-01,SKU040,67,29,9,36,93,78024.85,Product 040,Storage,Sofa,2023-11-26,5169.07,2450.56,-2718.51,816.1462791930292,102.01828489912864,2025-12-29,28,123.91462000895922,96,159.91462000895922,64,0.0,True,False,Reorder Now,68406.4512091551,0.0,1.6657772917599918,0.07862499858996988,0.656745014545645
2025-12-01,SKU010,83,70,13,22,60,595250.27,Product 010,Storage,Sofa,2022-04-14,3889.06,663.46,-3225.6,888.6962182539684,111.08702728174605,2025-12-29,28,199.32734038976892,153,221.32734038976892,69,0.0,True,False,Reorder Now,30736.33725499609,0.0,1.4465839241161367,0.09113906298977686,0.747161950688356
2025-12-01,SKU025,1124,61,14,121,582,4384724.0,Product 025,Storage,Lamp,2024-05-09,1333.08,11558.01,10224.93,153.29791393328892,19.162239241661116,2025-12-29,28,35.90880128205128,1185,156.9088012820513,0,849.7020860667111,False,True,Markdown / Clear,0.0,1132720.8568938111,0.13241249053337661,4.097734408120086,58.65702780478196
2025-12-01,SKU020,1002,353,3,129,227,5550418.68,Product 020,Storage,Sofa,2023-05-11,6700.01,3897.54,-2802.47,739.8103581141081,92.47629476426351,2025-12-29,28,38.23467632962275,1355,167.23467632962274,0,133.1896418858919,False,True,Markdown / Clear,0.0,892371.9325318945,0.12342042533551494,1.1533011670981932,10.835209202036632
2025-12-01,SKU011,753,269,3,179,247,2911918.77,Product 011,Furniture,Chair,2023-08-03,1718.4,1444.56,-273.84,153.13389711677215,19.14173713959652,2025-12-29,28,7.920981417392131,1022,186.92098141739214,0,420.8661028832279,False,True,Markdown / Clear,0.0,723216.3111945388,0.18289724209138175,2.267157934004126,39.338122475955814
2025-12-01,SKU036,383,135,3,77,129,574446.38,Product 036,Furniture,Shelf,2022-03-12,5430.12,5687.0,256.88,268.08637375124874,33.51079671890609,2025-12-29,28,13.07276515151516,518,90.07276515151516,0,37.91362624875126,False,True,Markdown / Clear,0.0,205875.54016586917,0.17388564701064702,1.1098670626620593,11.429152318062297
2025-12-01,SKU035,670,76,8,137,304,3918347.6,Product 035,Storage,Lamp,2024-09-03,1137.61,10870.19,9732.58,1211.3759350812584,151.4219918851573,2025-12-29,28,155.28516004432072,746,292.2851600443207,0,0.0,False,False,Healthy,0.0,0.0,0.39180316359828515,0.4968940653480464,4.424720555176337
2025-12-01,SKU034,34,103,5,34,58,52497.36,Product 034,Lighting,Cookware,2023-09-03,1333.43,1518.14,184.71,1126.2612636554618,140.78265795693272,2025-12-29,28,92.63831787260357,137,126.63831787260357,0,0.0,False,False,Healthy,0.0,0.0,0.9243672837416319,0.029303744824576216,0.24150701864430668
2025-12-01,SKU033,208,168,12,55,183,707096.0,Product 033,Kitchen,Cushion,2022-04-12,4657.74,3558.0,-1099.74,992.2816883255632,124.0352110406954,2025-12-29,28,188.63884523214878,376,243.63884523214878,0,0.0,False,False,Healthy,0.0,0.0,0.6479756522131617,0.19860941169759103,1.6769431700467388
2025-12-01,SKU032,278,214,11,60,185,1269626.0,Product 032,Home Decor,Table,2022-09-07,3806.6,5612.59,1805.99,514.6841222388722,64.33551527985902,2025-12-29,28,92.38736033014605,492,152.38736033014607,0,0.0,False,False,Healthy,0.0,0.0,0.30973040717509365,0.48374400691106445,4.321096967836537
2025-12-01,SKU027,567,103,3,83,133,2599048.62,Product 027,Home Decor,Cabinet,2023-03-19,307.06,8516.6,8209.54,1396.727023962149,174.5908779952686,2025-12-29,28,70.84195315398887,670,153.84195315398887,0,0.0,False,False,Healthy,0.0,0.0,0.22961485545371474,0.3831787828553598,3.2475923513905784
2025-12-01,SKU030,166,32,9,43,104,342462.98,Product 030,Storage,Sofa,2023-05-03,5715.03,9433.51,3718.48,262.0353962010213,32.75442452512766,2025-12-29,28,36.329600907029494,198,79.32960090702949,0,0.0,False,False,Healthy,0.0,0.0,0.4006545500355025,0.5441991390750088,5.068017600878702
2025-12-01,SKU029,261,520,5,196,329,891602.1,Product 029,Lighting,Organizer,2023-08-23,5402.59,11642.45,6239.86,896.1897314491065,112.02371643113831,2025-12-29,28,76.32466488868272,781,272.3246648886827,0,0.0,False,False,Healthy,0.0,0.0,0.34868715094581654,0.23896946884284267,2.3298637852319275
2025-12-01,SKU028,174,55,11,114,337,85058.16,Product 028,Kitchen,Rug,2024-06-24,6348.66,3484.09,-2864.57,270.1718539238539,33.77148174048174,2025-12-29,28,50.45055515714444,229,164.45055515714444,0,0.0,False,False,Healthy,0.0,0.0,0.7181246950093644,0.45292230084739177,5.152276152320166
2025-12-01,SKU048,106,50,3,22,31,381464.32,Product 048,Kitchen,Rug,2024-09-09,6863.87,1379.55,-5484.32,432.50792582417586,54.06349072802198,2025-12-29,28,23.076229419390135,156,45.07622941939013,0,0.0,False,False,Healthy,0.0,0.0,0.28895018858583416,0.2332192553249458,1.9606577113796777
2025-12-01,SKU038,159,310,12,56,175,509262.69,Product 038,Kitchen,Rug,2024-06-29,4630.58,3949.1,-681.48,420.5998805222556,52.57498506528195,2025-12-29,28,90.82006612435188,469,146.82006612435188,0,0.0,False,False,Healthy,0.0,0.0,0.3130491815018164,0.33361317637295385,3.0242519289843055
2025-12-01,SKU039,93,35,3,17,31,284026.65,Product 039,Lighting,Organizer,2022-11-01,6178.74,7118.95,940.21,170.91041774891778,21.363802218614723,2025-12-29,28,7.397748222016078,128,24.397748222016077,0,0.0,False,False,Healthy,0.0,0.0,0.1906074079845006,0.49491667952260515,4.353157693950526
2025-12-01,SKU041,440,40,4,78,139,2496001.2,Product 041,Furniture,Chair,2022-07-01,4540.24,10336.73,5796.49,630.3533315295815,78.79416644119769,2025-12-29,28,41.726447330447336,480,119.72644733044734,0,0.0,False,False,Healthy,0.0,0.0,0.24943009860509863,0.6211589335648169,5.584169740895248
2025-12-01,SKU042,90,120,6,41,88,698500.8,Product 042,Home Decor,Table,2024-04-13,4583.86,9198.83,4614.97,1308.848652791653,163.60608159895662,2025-12-29,28,134.35098206555355,210,175.35098206555355,0,0.0,False,False,Healthy,0.0,0.0,0.835004676502636,0.06667414144087112,0.550101800131212
2025-12-01,SKU043,559,211,12,142,393,2086495.45,Product 043,Kitchen,Cushion,2024-02-10,2605.61,8745.77,6140.16,1269.4132013125761,158.67665016407202,2025-12-29,28,263.59004635642134,770,405.59004635642134,0,0.0,False,False,Healthy,0.0,0.0,0.5267403199434043,0.396056944543345,3.522887579376
2025-12-01,SKU044,223,39,5,55,93,222337.69,Product 044,Lighting,Cookware,2023-01-25,488.84,5412.28,4923.44,559.3101731462981,69.91377164328726,2025-12-29,28,42.72998027765887,262,97.72998027765887,0,0.0,False,False,Healthy,0.0,0.0,0.3730151918994613,0.3630088019833142,3.1896433958360366
2025-12-01,SKU045,307,142,4,88,142,558224.24,Product 045,Storage,Lamp,2022-03-16,3634.56,7676.78,4042.22,1365.1513181540681,170.64391476925852,2025-12-29,28,89.98261869083301,449,177.98261869083302,0,0.0,False,False,Healthy,0.0,0.0,0.39639781445619826,0.2112649908957732,1.799067962166243
2025-12-01,SKU046,119,182,4,46,96,563935.05,Product 046,Furniture,Shelf,2024-12-03,1913.03,7175.54,5262.51,536.4365698745698,67.05457123432123,2025-12-29,28,35.198393463679174,301,81.19839346367917,0,0.0,False,False,Healthy,0.0,0.0,0.2697621045304956,0.2043140938516741,1.774673938099704
2025-12-01,SKU047,201,129,9,44,99,1231834.53,Product 047,Home Decor,Cabinet,2023-05-06,3416.1,7938.22,4522.12,830.5904315198691,103.82380393998363,2025-12-29,28,132.68966185600112,330,176.68966185600112,0,0.0,False,False,Healthy,0.0,0.0,0.535423217745458,0.22982186033147065,1.9359722180492445
2025-12-01,SKU026,160,70,5,31,59,988598.4,Product 026,Furniture,Shelf,2023-12-10,1799.29,10939.54,9140.25,1303.4824606504608,162.9353075813076,2025-12-29,28,110.60390029613248,230,141.60390029613248,0,0.0,False,False,Healthy,0.0,0.0,0.6156691317223151,0.11989666759802292,0.9819848280591803
2025-12-01,SKU037,355,687,8,315,644,2004500.4,Product 037,Home Decor,Cabinet,2024-08-02,3901.0,2747.42,-1153.58,1311.210644036519,163.90133050456487,2025-12-29,28,177.06779840992343,1042,492.0677984099234,0,0.0,False,False,Healthy,0.0,0.0,0.4722339716026136,0.21829890322131476,2.165937267910786
2025-12-01,SKU013,151,95,4,32,61,1169978.2,Product 013,Kitchen,Cushion,2024-03-20,3936.71,5757.78,1821.07,756.1378151986901,94.51722689983626,2025-12-29,28,51.039646052360354,246,83.03964605236035,0,0.0,False,False,Healthy,0.0,0.0,0.3375595367982128,0.19159085770035383,1.5975923644059176
2025-12-01,SKU023,130,79,12,41,148,494858.0,Product 023,Kitchen,Cushion,2022-07-20,2484.54,1416.74,-1067.8,882.9137718253969,110.36422147817461,2025-12-29,28,187.71160996146708,209,228.71160996146708,20,0.0,True,False,Reorder Now,0.0,0.0,1.094313923260608,0.14070577143054824,1.1779179724989817
2025-12-01,SKU049,780,599,5,206,344,4123321.8,Product 049,Lighting,Organizer,2024-01-16,2063.03,5223.37,3160.34,1390.019687146187,173.75246089327337,2025-12-29,28,117.50274273345708,1379,323.50274273345707,0,0.0,False,False,Healthy,0.0,0.0,0.23459227174289854,0.48871577605330385,4.489145051471308
2025-12-01,SKU001,771,147,4,159,289,2815160.01,Product 001,Furniture,Chair,2022-04-09,1758.45,3664.05,1905.6,748.5543185425687,93.56928981782109,2025-12-29,28,51.69173809523808,918,210.69173809523807,0,0.0,False,False,Healthy,0.0,0.0,0.22951169727150117,0.8495359277647868,8.239882994742537
2025-12-01,SKU002,526,29,3,94,149,2974319.6,Product 002,Home Decor,Table,2024-05-01,3867.09,3805.69,-61.4,541.3812723248973,67.67265904061216,2025-12-29,28,26.36463188002473,555,120.36463188002473,0,0.0,False,False,Healthy,0.0,0.0,0.21687321059463915,0.8278493920277744,7.772710684891714
2025-12-01,SKU003,349,12,3,88,123,2145941.67,Product 003,Kitchen,Cushion,2023-12-22,589.48,8078.23,7488.75,283.45976867576877,35.432471084471096,2025-12-29,28,14.187234105180535,361,102.18723410518054,0,0.0,False,False,Healthy,0.0,0.0,0.28306713048526466,0.9395364705151342,9.849722283494797
2025-12-01,SKU004,259,254,6,98,196,321905.92,Product 004,Lighting,Cookware,2023-04-28,1445.74,6861.57,5415.83,269.2587970917971,33.657349636474635,2025-12-29,28,27.404253092145936,513,125.40425309214594,0,0.0,False,False,Healthy,0.0,0.0,0.24445273507240922,0.7052247680680129,7.6951989029855286
2025-12-01,SKU005,471,291,6,129,245,3500674.53,Product 005,Storage,Lamp,2023-04-22,5543.63,9493.22,3949.59,916.9976815961819,114.62471019952274,2025-12-29,28,91.32518692022266,762,220.32518692022268,0,0.0,False,False,Healthy,0.0,0.0,0.28914066524963605,0.45028780492252984,4.109061642818104
2025-12-01,SKU006,359,485,13,129,340,2378877.6,Product 006,Furniture,Shelf,2024-08-02,6021.91,8106.04,2084.13,380.5527931096682,47.56909913870852,2025-12-29,28,82.50761817151101,844,211.507618171511,0,0.0,False,False,Healthy,0.0,0.0,0.2506014433311742,0.7045393624654991,7.546916096795914
2025-12-01,SKU007,207,460,8,98,237,941442.21,Product 007,Home Decor,Cabinet,2022-04-05,7748.2,5114.09,-2634.11,1371.2471692890442,171.40589616113053,2025-12-29,28,190.22913159657804,667,288.22913159657804,0,0.0,False,False,Healthy,0.0,0.0,0.43212763357807804,0.14088847971043938,1.2076597400442348
2025-12-01,SKU008,325,155,3,91,161,2165845.5,Product 008,Kitchen,Rug,2024-02-07,2775.15,9842.64,7067.49,934.9485808219559,116.86857260274449,2025-12-29,28,45.82398917748916,480,136.82398917748915,0,0.0,False,False,Healthy,0.0,0.0,0.2850499774531024,0.3167800083505362,2.7809015953735354
2025-12-01,SKU009,75,89,7,63,131,224818.5,Product 009,Lighting,Organizer,2022-08-10,3121.06,2336.89,-784.17,684.5158373987122,85.56447967483902,2025-12-29,28,81.79716172716168,164,144.79716172716167,0,0.0,False,False,Healthy,0.0,0.0,0.8829095227265955,0.1003323224040219,0.8765319474274137
2025-12-01,SKU024,341,18,14,60,259,454699.63,Product 024,Lighting,Cookware,2024-10-16,5539.34,1768.87,-3770.47,696.9817438256187,87.12271797820233,2025-12-29,28,173.6698343462093,359,233.6698343462093,0,0.0,False,False,Healthy,0.0,0.0,0.6508909034713352,0.45047321521475703,3.9140193041878755
2025-12-01,SKU014,309,334,10,130,299,964407.54,Product 014,Lighting,Cookware,2024-04-17,2008.55,2270.75,262.2,1176.2091100288596,147.02613875360746,2025-12-29,28,184.66344351680056,643,314.66344351680056,0,0.0,False,False,Healthy,0.0,0.0,0.4893677193107318,0.23656242911456413,2.101667109124284
2025-12-01,SKU015,187,245,9,119,265,235038.43,Product 015,Storage,Lamp,2024-02-29,5441.06,6212.12,771.06,241.33311353923855,30.16663919240482,2025-12-29,28,35.38692028408101,432,154.38692028408101,0,0.0,False,False,Healthy,0.0,0.0,0.35737713028722456,0.5189642388490521,6.19890067326697
2025-12-01,SKU016,255,187,11,30,129,512180.25,Product 016,Furniture,Shelf,2024-05-14,3637.93,2166.82,-1471.11,761.0604741092241,95.13255926365301,2025-12-29,28,139.8558971227185,442,169.8558971227185,0,0.0,False,False,Healthy,0.0,0.0,0.38428936000615044,0.3223520936084482,2.68047030347713
2025-12-01,SKU018,235,102,8,66,184,627647.4,Product 018,Kitchen,Rug,2022-05-21,5677.05,5575.41,-101.64,1411.2630463702963,176.40788079628703,2025-12-29,28,194.1777223510616,337,260.17772235106156,0,0.0,False,False,Healthy,0.0,0.0,0.772040719142616,0.15907796555082446,1.3321400321756272
2025-12-01,SKU019,227,114,14,25,126,738421.92,Product 019,Lighting,Organizer,2024-07-12,2670.84,4819.85,2149.01,907.7432058843933,113.46790073554916,2025-12-29,28,215.3713193334442,341,240.3713193334442,0,0.0,False,False,Healthy,0.0,0.0,0.7049012297168452,0.24336816239231335,2.00056578581683
2025-12-01,SKU021,88,97,9,36,88,27021.28,Product 021,Furniture,Chair,2023-07-05,6486.92,7711.28,1224.36,441.9769666167167,55.24712082708959,2025-12-29,28,66.77687777302063,185,102.77687777302063,0,0.0,False,False,Healthy,0.0,0.0,0.5555506906649764,0.1841092900833567,1.592843186804597
2025-12-01,SKU022,95,194,8,76,163,513246.05,Product 022,Home Decor,Table,2023-02-12,3252.96,4597.03,1344.07,648.7712285353535,81.0964035669192,2025-12-29,28,84.90753318903322,289,160.90753318903322,0,0.0,False,False,Healthy,0.0,0.0,0.5567734712423295,0.13107584332780395,1.1714452900689711
2025-12-01,SKU050,328,525,14,69,316,1138983.28,Product 050,Storage,Sofa,2024-05-06,701.85,882.72,180.87,293.75184125596616,36.71898015699577,2025-12-29,28,72.8448809523809,853,141.8448809523809,0,0.0,False,False,Healthy,0.0,0.0,0.16628942667336563,0.9041994076842068,8.932709966279083
